City,State, Median Sale Price 
LOS ANGELES,CA,"$650,575.00 "
CHICAGO,IL,"$256,833.33 "
SAN ANTONIO,TX,"$193,350.00 "
PHILADELPHIA,PA,"$146,283.33 "
PHOENIX,AZ,"$217,200.00 "
LAS VEGAS,NV,"$255,250.00 "
SAN DIEGO,CA,"$584,883.33 "
SAN JOSE,CA,"$1,016,700.00 "
JACKSONVILLE,FL,"$141,641.67 "
CHARLOTTE,NC,"$218,225.00 "
FORT WORTH,TX,"$209,325.00 "
TUCSON,AZ,"$190,966.67 "
COLUMBUS,OH,"$151,900.00 "
LOUISVILLE,KY,"$162,750.00 "
ORLANDO,FL,"$232,341.67 "
EL PASO,TX,"$142,200.00 "
DENVER,CO,"$415,183.33 "
SEATTLE,WA,"$700,841.67 "
MEMPHIS,TN,"$102,058.33 "
BOSTON,MA,"$616,425.00 "
WASHINGTON,DC,"$524,683.33 "
PORTLAND,OR,"$415,333.33 "
NASHVILLE,TN,"$258,283.33 "
SACRAMENTO,CA,"$311,166.67 "
BALTIMORE,MD,"$120,141.67 "
MILWAUKEE,WI,"$129,575.00 "
FRESNO,CA,"$243,241.67 "
OMAHA,NE,"$170,708.33 "
ALBUQUERQUE,NM,"$198,275.00 "
OKLAHOMA CITY,OK,"$135,375.00 "
RALEIGH,NC,"$250,200.00 "
MESA,AZ,"$232,466.67 "
MIAMI,FL,"$310,783.33 "
ATLANTA,GA,"$222,308.33 "
COLORADO SPRINGS,CO,"$275,250.00 "
LONG BEACH,CA,"$536,525.00 "
VIRGINIA BEACH,VA,"$253,683.33 "
OAKLAND,CA,"$699,358.33 "
TULSA,OK,"$134,100.00 "
MINNEAPOLIS,MN,"$248,333.33 "
HONOLULU,HI,"$538,108.33 "
CLEVELAND,OH,"$55,925.00 "
NEW ORLEANS,LA,"$234,383.33 "
ARLINGTON,TX,"$198,758.33 "
KNOXVILLE,TN,"$171,891.67 "
BATON ROUGE,LA,"$177,475.00 "
WICHITA,KS,"$138,783.33 "
TAMPA,FL,"$217,441.67 "
AURORA,CO,"$315,750.00 "
RIVERSIDE,CA,"$398,683.33 "
BAKERSFIELD,CA,"$246,066.67 "
CINCINNATI,OH,"$152,208.33 "
PITTSBURGH,PA,"$153,500.00 "
ANAHEIM,CA,"$577,308.33 "
COLUMBIA,SC,"$132,916.67 "
ISLIP,NY,"$362,633.33 "
MARIETTA,GA,"$261,658.33 "
VANCOUVER,WA,"$320,608.33 "
SAINT LOUIS,MO,"$137,208.33 "
GREENSBORO,NC,"$146,941.67 "
LEXINGTON,KY,"$173,525.00 "
FORT WAYNE,IN,"$139,325.00 "
SILVER SPRING,MD,"$386,600.00 "
TOLEDO,OH,"$71,791.67 "
ANCHORAGE,AK,"$278,391.67 "
SAINT PAUL,MN,"$206,483.33 "
NAPLES,FL,"$320,458.33 "
DURHAM,NC,"$219,491.67 "
TALLAHASSEE,FL,"$181,483.33 "
STOCKTON,CA,"$282,383.33 "
PLANO,TX,"$324,770.00 "
HENDERSON,NV,"$305,291.67 "
LINCOLN,NE,"$172,125.00 "
MODESTO,CA,"$284,266.67 "
RENO,NV,"$353,441.67 "
SPOKANE,WA,"$201,125.00 "
CHANDLER,AZ,"$275,208.33 "
HIALEAH,FL,"$256,558.33 "
SAN BERNARDINO,CA,"$279,783.33 "
CHULA VISTA,CA,"$499,816.67 "
SAINT PETERSBURG,FL,"$209,808.33 "
PENSACOLA,FL,"$142,408.33 "
LAWRENCEVILLE,GA,"$204,758.33 "
MADISON,WI,"$245,916.67 "
WINSTON-SALEM,NC,"$139,433.33 "
NORFOLK,VA,"$185,433.33 "
GLENDALE,AZ,"$212,558.33 "
SCOTTSDALE,AZ,"$348,891.67 "
FAYETTEVILLE,NC,"$111,175.00 "
BOISE,ID,"$266,858.33 "
IRVINE,CA,"$843,341.67 "
SARASOTA,FL,"$250,150.00 "
CHESAPEAKE,VA,"$244,441.67 "
FORT MYERS,FL,"$197,883.33 "
SPRING,TX,"$201,816.67 "
GILBERT,AZ,"$293,483.33 "
NORTH LAS VEGAS,NV,"$246,900.00 "
FREMONT,CA,"$1,076,250.00 "
SANTA CLARITA,CA,"$531,658.33 "
FONTANA,CA,"$403,350.00 "
IRVING,TX,"$251,291.67 "
ARLINGTON,VA,"$574,241.67 "
GREENVILLE,SC,"$187,741.67 "
SANTA ROSA,CA,"$583,733.33 "
OXNARD,CA,"$504,791.67 "
RICHMOND,VA,"$209,850.00 "
DES MOINES,IA,"$130,675.00 "
OCALA,FL,"$132,383.33 "
BOCA RATON,FL,"$311,433.33 "
WOODBRIDGE,VA,"$314,725.00 "
ROCHESTER,NY,"$66,525.00 "
MONTGOMERY,AL,"$100,025.00 "
BRADENTON,FL,"$212,850.00 "
CORONA,CA,"$470,008.33 "
OCEANSIDE,CA,"$506,083.33 "
TACOMA,WA,"$280,433.33 "
GRAND RAPIDS,MI,"$148,883.33 "
GAINESVILLE,FL,"$170,783.33 "
YONKERS,NY,"$488,300.00 "
GLENDALE,CA,"$784,158.33 "
MORENO VALLEY,CA,"$323,683.33 "
AKRON,OH,"$66,200.00 "
AURORA,IL,"$180,941.67 "
HUNTINGTON BEACH,CA,"$769,841.67 "
HUNTSVILLE,AL,"$162,675.00 "
EUGENE,OR,"$297,191.67 "
SALT LAKE CITY,UT,"$327,633.33 "
PORT SAINT LUCIE,FL,"$205,441.67 "
SALINAS,CA,"$479,625.00 "
LITTLE ROCK,AR,"$155,708.33 "
FORT COLLINS,CO,"$378,716.67 "
HAYWARD,CA,"$634,900.00 "
ROCKFORD,IL,"$89,950.00 "
EVANSVILLE,IN,"$128,283.33 "
WORCESTER,MA,"$223,200.00 "
OVERLAND PARK,KS,"$305,125.00 "
LANCASTER,CA,"$276,091.67 "
SALEM,OR,"$266,216.67 "
GARDEN GROVE,CA,"$591,066.67 "
GRAND PRAIRIE,TX,"$213,966.67 "
BEAVERTON,OR,"$362,966.67 "
ESCONDIDO,CA,"$519,808.33 "
FORT LAUDERDALE,FL,"$323,366.67 "
ONTARIO,CA,"$434,366.67 "
COLUMBUS,GA,"$107,366.67 "
CHARLESTON,SC,"$301,691.67 "
KISSIMMEE,FL,"$208,300.00 "
CHATTANOOGA,TN,"$167,608.33 "
TEMPE,AZ,"$239,950.00 "
MURFREESBORO,TN,"$228,191.67 "
RANCHO CUCAMONGA,CA,"$505,341.67 "
CAPE CORAL,FL,"$218,950.00 "
SAVANNAH,GA,"$167,458.33 "
FREDERICKSBURG,VA,"$277,791.67 "
KILLEEN,TX,"$126,641.67 "
PALMDALE,CA,"$301,116.67 "
ROANOKE,VA,"$147,966.67 "
NEWPORT NEWS,VA,"$171,170.00 "
EL CAJON,CA,"$481,475.00 "
CLARKSVILLE,TN,"$157,191.67 "
ELK GROVE,CA,"$426,300.00 "
PEORIA,AZ,"$254,508.33 "
NAPERVILLE,IL,"$350,475.00 "
FAIRFAX,VA,"$513,966.67 "
BOYNTON BEACH,FL,"$238,491.67 "
TOPEKA,KS,"$131,458.33 "
MCKINNEY,TX,"$305,658.33 "
LAFAYETTE,LA,"$166,891.67 "
PEMBROKE PINES,FL,"$267,233.33 "
EDMOND,OK,"$216,483.33 "
LAKELAND,FL,"$151,116.67 "
PUEBLO,CO,"$165,108.33 "
SPRINGFIELD,MA,"$148,283.33 "
HENRICO,VA,"$245,983.33 "
LAKEWOOD,CO,"$371,316.67 "
CUMMING,GA,"$307,133.33 "
ALEXANDRIA,VA,"$510,558.33 "
TYLER,TX,"$177,075.00 "
POMONA,CA,"$419,275.00 "
VISALIA,CA,"$243,308.33 "
CYPRESS,TX,"$250,583.33 "
ROUND ROCK,TX,"$268,458.33 "
ANN ARBOR,MI,"$342,408.33 "
WHITTIER,CA,"$518,125.00 "
KANSAS CITY,KS,"$118,966.67 "
SUNNYVALE,CA,"$1,541,225.00 "
HOLLYWOOD,FL,"$249,191.67 "
CONROE,TX,"$217,858.33 "
LANSING,MI,"$86,916.67 "
CARY,NC,"$335,733.33 "
PATERSON,NJ,"$197,241.67 "
YUMA,AZ,"$168,766.67 "
FRISCO,TX,"$375,483.33 "
PASADENA,CA,"$789,150.00 "
BRIDGEPORT,CT,"$154,833.33 "
MACON,GA,"$98,025.00 "
CANTON,OH,"$94,816.67 "
NEWARK,DE,"$223,016.67 "
RENTON,WA,"$447,650.00 "
METAIRIE,LA,"$227,466.67 "
SANTA MARIA,CA,"$387,683.33 "
TORRANCE,CA,"$768,933.33 "
CLEARWATER,FL,"$193,483.33 "
FULLERTON,CA,"$619,058.33 "
ORANGE,CA,"$670,858.33 "
COMPTON,CA,"$389,316.67 "
HAMPTON,VA,"$155,783.33 "
BELLEVUE,WA,"$868,983.33 "
INGLEWOOD,CA,"$498,158.33 "
KENT,WA,"$390,391.67 "
WEST VALLEY CITY,UT,"$271,866.67 "
OLATHE,KS,"$266,033.33 "
WARREN,MI,"$118,666.67 "
MIRAMAR,FL,"$288,958.33 "
THORNTON,CO,"$354,791.67 "
CONCORD,CA,"$560,583.33 "
BLOOMINGTON,IN,"$190,783.33 "
BOULDER,CO,"$699,125.00 "
RAMAPO,NY,"$455,975.00 "
CARROLLTON,TX,"$279,225.00 "
CORAL SPRINGS,FL,"$339,391.67 "
THOUSAND OAKS,CA,"$713,991.67 "
VICTORVILLE,CA,"$248,091.67 "
ROSEVILLE,CA,"$449,058.33 "
SURPRISE,AZ,"$230,533.33 "
NEW HAVEN,CT,"$162,841.67 "
HAMILTON,OH,"$146,100.00 "
SIMI VALLEY,CA,"$560,783.33 "
STAMFORD,CT,"$440,000.00 "
PEARLAND,TX,"$253,916.67 "
DENTON,TX,"$236,866.67 "
GAINESVILLE,GA,"$195,166.67 "
SPRINGFIELD,IL,"$114,166.67 "
ALLENTOWN,PA,"$115,716.67 "
LAKE CHARLES,LA,"$181,741.67 "
FREDERICK,MD,"$268,925.00 "
MURRIETA,CA,"$422,241.67 "
TEMECULA,CA,"$458,158.33 "
HEMET,CA,"$258,450.00 "
EAST LOS ANGELES,CA,"$435,533.33 "
JOLIET,IL,"$149,400.00 "
VALLEJO,CA,"$389,825.00 "
SANTA CLARA,CA,"$1,281,625.00 "
AMHERST,NY,"$216,741.67 "
ATHENS,GA,"$174,725.00 "
FALLS CHURCH,VA,"$500,225.00 "
NORMAN,OK,"$157,316.67 "
NAMPA,ID,"$201,625.00 "
BERKELEY,CA,"$1,138,708.33 "
WESTMINSTER,CO,"$359,616.67 "
ROCHESTER,MN,"$210,983.33 "
CLOVIS,CA,"$330,116.67 "
VISTA,CA,"$525,233.33 "
BROKEN ARROW,OK,"$167,233.33 "
RICHMOND,CA,"$508,900.00 "
ARVADA,CO,"$407,958.33 "
CHARLOTTESVILLE,VA,"$314,116.67 "
INDEPENDENCE,MO,"$122,258.33 "
TUSCALOOSA,AL,"$160,900.00 "
NEW PORT RICHEY,FL,"$154,000.00 "
SPARTANBURG,SC,"$113,416.67 "
BELLINGHAM,WA,"$385,266.67 "
MELBOURNE,FL,"$206,766.67 "
COSTA MESA,CA,"$809,133.33 "
SPARKS,NV,"$331,775.00 "
BEND,OR,"$421,991.67 "
EL MONTE,CA,"$506,158.33 "
MIAMI GARDENS,FL,"$214,475.00 "
DOWNEY,CA,"$559,741.67 "
TRACY,CA,"$494,400.00 "
VENTURA,CA,"$578,675.00 "
NORTH CHARLESTON,SC,"$176,016.67 "
WEST COVINA,CA,"$547,360.00 "
ROCK HILL,SC,"$174,058.33 "
YAKIMA,WA,"$224,733.33 "
REDDING,CA,"$264,416.67 "
SAINT AUGUSTINE,FL,"$224,458.33 "
DELRAY BEACH,FL,"$180,925.00 "
LOWELL,MA,"$248,466.67 "
WATERBURY,CT,"$101,991.67 "
WEST PALM BEACH,FL,"$212,800.00 "
CARLSBAD,CA,"$836,158.33 "
ELGIN,IL,"$187,366.67 "
SANTA BARBARA,CA,"$1,060,583.33 "
LAUREL,MD,"$305,583.33 "
FARGO,ND,"$212,008.33 "
WEST JORDAN,UT,"$318,583.33 "
GREENVILLE,NC,"$142,133.33 "
MANASSAS,VA,"$332,283.33 "
HILLSBORO,OR,"$359,541.67 "
GREEN BAY,WI,"$132,300.00 "
PALM BAY,FL,"$164,558.33 "
NORWALK,CA,"$467,575.00 "
VERO BEACH,FL,"$206,466.67 "
PEORIA,IL,"$117,566.67 "
CENTENNIAL,CO,"$424,350.00 "
DOUGLASVILLE,GA,"$160,250.00 "
ANTIOCH,CA,"$423,125.00 "
PERRIS,CA,"$312,458.33 "
SPRINGFIELD,VA,"$466,208.33 "
FAIRFIELD,CA,"$435,791.67 "
LEHIGH ACRES,FL,"$161,000.00 "
EVERETT,WA,"$349,791.67 "
ERIE,PA,"$82,750.00 "
POMPANO BEACH,FL,"$196,225.00 "
SAN LEANDRO,CA,"$649,025.00 "
BURBANK,CA,"$765,966.67 "
VACAVILLE,CA,"$438,450.00 "
MADERA,CA,"$240,963.64 "
ALBANY,NY,"$180,358.33 "
GRAND JUNCTION,CO,"$230,308.33 "
HESPERIA,CA,"$262,641.67 "
JACKSON,MI,"$104,833.33 "
THE WOODLANDS,TX,"$330,100.00 "
SAN MATEO,CA,"$1,291,833.33 "
EDISON,NJ,"$335,166.67 "
FRANKLIN,TN,"$451,508.33 "
MERCED,CA,"$244,425.00 "
SANTA CRUZ,CA,"$866,558.33 "
LEXINGTON,SC,"$170,916.67 "
CHAPEL HILL,NC,"$359,183.33 "
KENNESAW,GA,"$223,433.33 "
WOODBRIDGE,NJ,"$279,108.33 "
CLINTON,MI,"$152,375.00 "
ELKHART,IN,"$140,208.33 "
DALY CITY,CA,"$935,333.33 "
RIALTO,CA,"$350,008.33 "
DAVIE,FL,"$293,616.67 "
COLUMBIA,MD,"$322,350.00 "
MERIDIAN,ID,"$290,958.33 "
LAWRENCE,KS,"$202,958.33 "
HIGHLANDS RANCH,CO,"$475,041.67 "
LYNCHBURG,VA,"$148,925.00 "
GREELEY,CO,"$282,500.00 "
LEAGUE CITY,TX,"$248,375.00 "
LAKEWOOD,NJ,"$233,158.33 "
MISSION VIEJO,CA,"$694,241.67 "
HIGH POINT,NC,"$138,816.67 "
ANDERSON,SC,"$134,391.67 "
LIVERMORE,CA,"$772,558.33 "
SPRING HILL,FL,"$153,133.33 "
SANDY,UT,"$389,891.67 "
FEDERAL WAY,WA,"$350,683.33 "
SOUTH GATE,CA,"$430,758.33 "
PORTSMOUTH,VA,"$148,083.33 "
GREECE,NY,"$128,350.00 "
DEARBORN,MI,"$136,966.67 "
HAWTHORNE,CA,"$639,166.67 "
JOHNSON CITY,TN,"$146,725.00 "
IDAHO FALLS,ID,"$189,850.00 "
WOODSTOCK,GA,"$238,358.33 "
LIVONIA,MI,"$185,650.00 "
BROCKTON,MA,"$278,650.00 "
ASHEVILLE,NC,"$278,541.67 "
MIDLOTHIAN,VA,"$272,483.33 "
INDIO,CA,"$314,266.67 "
ANNAPOLIS,MD,"$392,808.33 "
NEW BRAUNFELS,TX,"$249,033.33 "
ASHBURN,VA,"$466,491.67 "
STERLING,VA,"$409,925.00 "
AUBURN,WA,"$367,641.67 "
VALDOSTA,GA,"$130,775.00 "
APOPKA,FL,"$240,408.33 "
KENNEWICK,WA,"$262,408.33 "
MEDFORD,OR,"$275,666.67 "
KALAMAZOO,MI,"$104,683.33 "
PLANTATION,FL,"$289,791.67 "
PLAINFIELD,IL,"$240,041.67 "
NEW BEDFORD,MA,"$216,466.67 "
WESTMINSTER,CA,"$651,216.67 "
LOVELAND,CO,"$340,750.00 "
FORT SMITH,AR,"$112,750.00 "
KENOSHA,WI,"$152,500.00 "
ROSWELL,GA,"$363,866.67 "
MONROE,LA,"$141,283.33 "
OREM,UT,"$285,091.67 "
MIAMI BEACH,FL,"$320,516.67 "
DULUTH,MN,"$175,958.33 "
SUNRISE,FL,"$192,216.67 "
LYNN,MA,"$324,633.33 "
HOLLAND,MI,"$183,000.00 "
CLEVELAND,TN,"$155,900.00 "
WILLIAMSBURG,VA,"$299,866.67 "
LEES SUMMIT,MO,"$230,858.33 "
NEWNAN,GA,"$195,433.33 "
MENIFEE,CA,"$354,016.67 "
SAN MARCOS,CA,"$580,416.67 "
ACWORTH,GA,"$221,375.00 "
CANTON,MI,"$250,366.67 "
HERNDON,VA,"$490,200.00 "
QUEEN CREEK,AZ,"$252,575.00 "
COVINGTON,GA,"$146,208.33 "
CARMEL,IN,"$333,516.67 "
HAMILTON,NJ,"$199,025.00 "
TONAWANDA,NY,"$139,391.67 "
BOTHELL,WA,"$581,166.67 "
NEWTON,MA,"$964,875.00 "
WARNER ROBINS,GA,"$120,383.33 "
FLAGSTAFF,AZ,"$366,633.33 "
CHINO,CA,"$492,758.33 "
FORT PIERCE,FL,"$144,983.33 "
REDWOOD CITY,CA,"$1,456,066.67 "
LAFAYETTE,IN,"$131,658.33 "
LEESBURG,VA,"$477,033.33 "
PITTSBURG,CA,"$426,691.67 "
GEORGETOWN,TX,"$285,491.67 "
FALL RIVER,MA,"$224,858.33 "
DULUTH,GA,"$226,391.67 "
PARKER,CO,"$467,083.33 "
NEWPORT BEACH,CA,"$2,045,316.67 "
ARDEN-ARCADE,CA,"$331,300.00 "
SUFFOLK,VA,"$234,991.67 "
BLOOMINGTON,IL,"$167,775.00 "
TUSTIN,CA,"$667,291.67 "
CITRUS HEIGHTS,CA,"$318,658.33 "
GLEN BURNIE,MD,"$247,000.00 "
WAUKEGAN,IL,"$128,700.00 "
BOWIE,MD,"$327,008.33 "
WALNUT CREEK,CA,"$696,833.33 "
FAYETTEVILLE,AR,"$206,450.00 "
BLOOMINGTON,MN,"$252,700.00 "
SIOUX CITY,IA,"$124,325.00 "
DALLAS,GA,"$177,333.33 "
BUENA PARK,CA,"$567,333.33 "
LONGMONT,CO,"$388,975.00 "
ALHAMBRA,CA,"$629,563.64 "
TRENTON,NJ,"$45,291.67 "
CLIFTON,NJ,"$335,558.33 "
GERMANTOWN,MD,"$284,916.67 "
JACKSON,TN,"$128,844.44 "
TOMS RIVER,NJ,"$265,575.00 "
LYNNWOOD,WA,"$459,388.89 "
CICERO,IL,"$169,625.00 "
ELLICOTT CITY,MD,"$488,366.67 "
SUMTER,SC,"$127,208.33 "
CONWAY,AR,"$154,350.00 "
BATTLE CREEK,MI,"$99,816.67 "
HUNTINGTON,NY,"$484,633.33 "
SPOKANE VALLEY,WA,"$224,525.00 "
DANBURY,CT,"$268,333.33 "
NORWALK,CT,"$407,083.33 "
WATSONVILLE,CA,"$595,908.33 "
SPRINGFIELD,OH,"$86,291.67 "
HOUMA,LA,"$148,275.00 "
LARGO,FL,"$179,941.67 "
GRESHAM,OR,"$335,291.67 "
BRANDON,FL,"$196,291.67 "
TROY,MI,"$281,016.67 "
PANAMA CITY,FL,"$195,025.00 "
KINGSPORT,TN,"$130,150.00 "
SANFORD,FL,"$193,091.67 "
PALM COAST,FL,"$209,800.00 "
QUINCY,MA,"$420,091.67 "
WESTLAND,MI,"$129,466.67 "
JOHNS CREEK,GA,"$380,675.00 "
CANTON,GA,"$266,083.33 "
KIRKLAND,WA,"$749,675.00 "
WALDORF,MD,"$274,066.67 "
STAFFORD,VA,"$336,318.18 "
MANTECA,CA,"$403,216.67 "
CAMARILLO,CA,"$599,650.00 "
FARMINGTON HILLS,MI,"$240,575.00 "
DALTON,GA,"$127,116.67 "
SLIDELL,LA,"$154,725.00 "
APPLE VALLEY,CA,"$242,608.33 "
OVIEDO,FL,"$295,850.00 "
SMYRNA,GA,"$277,075.00 "
ARLINGTON HEIGHTS,IL,"$307,250.00 "
LAKEWOOD,CA,"$572,208.33 "
MOUNT PLEASANT,SC,"$429,050.00 "
PARMA,OH,"$115,008.33 "
COVINA,CA,"$525,366.67 "
GREER,SC,"$200,616.67 "
SAINT JOSEPH,MO,"$112,933.33 "
UPLAND,CA,"$543,680.00 "
DELTONA,FL,"$160,808.33 "
LEXINGTON,NC,"$135,691.67 "
CARSON,CA,"$515,891.67 "
SIMPSONVILLE,SC,"$236,000.00 "
HOOVER,AL,"$274,933.33 "
VALPARAISO,IN,"$201,691.67 "
LANCASTER,PA,"$125,958.33 "
PORTERVILLE,CA,"$195,400.00 "
BROOKLYN PARK,MN,"$236,775.00 "
MOUNTAIN VIEW,CA,"$1,649,625.00 "
LAWRENCE,MA,"$252,166.67 "
COLONIE,NY,"$245,683.33 "
PLANT CITY,FL,"$179,908.33 "
MARYVILLE,TN,"$179,208.33 "
SOMERVILLE,MA,"$694,525.00 "
MISSOURI CITY,TX,"$215,683.33 "
DENHAM SPRINGS,LA,"$163,608.33 "
ROME,GA,"$120,233.33 "
PASCO,WA,"$236,183.33 "
NORCROSS,GA,"$165,608.33 "
LODI,CA,"$331,791.67 "
CASA GRANDE,AZ,"$168,450.00 "
TOMBALL,TX,"$221,900.00 "
RANCHO CORDOVA,CA,"$368,825.00 "
SHELBY,MI,"$236,358.33 "
BALDWIN PARK,CA,"$443,308.33 "
SPRING VALLEY,CA,"$451,766.67 "
SAN RAMON,CA,"$978,491.67 "
DEERFIELD BEACH,FL,"$160,358.33 "
SALISBURY,NC,"$135,700.00 "
RACINE,WI,"$113,783.33 "
MARYSVILLE,WA,"$359,683.33 "
SCHENECTADY,NY,"$107,091.67 "
AVONDALE,AZ,"$212,508.33 "
REDLANDS,CA,"$410,633.33 "
NOBLESVILLE,IN,"$207,291.67 "
TEMPLE,TX,"$155,158.33 "
FOLSOM,CA,"$527,433.33 "
PLYMOUTH,MN,"$331,500.00 "
BETHLEHEM,PA,"$156,075.00 "
HUNTINGTON PARK,CA,"$406,888.89 "
CHEEKTOWAGA,NY,"$122,675.00 "
SNELLVILLE,GA,"$187,566.67 "
BREMERTON,WA,"$283,116.67 "
KENDALL,FL,"$290,150.00 "
PETALUMA,CA,"$706,100.00 "
ALPHARETTA,GA,"$356,375.00 "
ATASCOCITA,TX,"$208,841.67 "
LA MESA,CA,"$528,333.33 "
LAKE FOREST,CA,"$701,358.33 "
NEW ROCHELLE,NY,"$664,258.33 "
WAIPAHU,HI,"$553,866.67 "
PALM HARBOR,FL,"$245,133.33 "
WINTER PARK,FL,"$271,508.33 "
ROCHESTER HILLS,MI,"$278,916.67 "
MILPITAS,CA,"$1,037,975.00 "
DOTHAN,AL,"$137,641.67 "
NEW BRITAIN,CT,"$143,666.67 "
GOODYEAR,AZ,"$252,658.33 "
NORTH LITTLE ROCK,AR,"$113,341.67 "
ROGERS,AR,"$189,558.33 "
SOUTHFIELD,MI,"$138,258.33 "
MOORESVILLE,NC,"$272,475.00 "
SPRINGDALE,AR,"$167,233.33 "
WINCHESTER,VA,"$240,041.67 "
CHINO HILLS,CA,"$656,958.33 "
BRICK,NJ,"$241,608.33 "
LAKE ELSINORE,CA,"$360,158.33 "
SUWANEE,GA,"$320,058.33 "
BOSSIER CITY,LA,"$175,575.00 "
GREAT FALLS,MT,"$196,183.33 "
ORANGE PARK,FL,"$161,833.33 "
GLEN ALLEN,VA,"$311,725.00 "
GASTONIA,NC,"$144,666.67 "
FLOWER MOUND,TX,"$389,450.00 "
WATERFORD,MI,"$160,183.33 "
GAITHERSBURG,MD,"$377,800.00 "
WEST LAFAYETTE,IN,"$201,725.00 "
YUBA CITY,CA,"$286,550.00 "
LAUDERHILL,FL,"$95,575.00 "
YORBA LINDA,CA,"$814,225.00 "
FORT MILL,SC,"$291,166.67 "
PORT CHARLOTTE,FL,"$168,325.00 "
LAYTON,UT,"$295,841.67 "
REDONDO BEACH,CA,"$1,045,550.00 "
STATESVILLE,NC,"$142,133.33 "
FRAMINGHAM,MA,"$397,458.33 "
LYNWOOD,CA,"$415,980.00 "
UNION CITY,CA,"$880,736.36 "
DAVIS,CA,"$653,016.67 "
BOLINGBROOK,IL,"$209,350.00 "
YPSILANTI,MI,"$213,050.00 "
WATERLOO,IA,"$110,375.00 "
PALM BEACH GARDENS,FL,"$345,041.67 "
ALAMEDA,CA,"$918,791.67 "
BRENTWOOD,CA,"$579,240.00 "
HANFORD,CA,"$229,363.64 "
JUPITER,FL,"$356,666.67 "
VENICE,FL,"$240,408.33 "
COCOA,FL,"$159,550.00 "
PALO ALTO,CA,"$2,772,958.33 "
SALISBURY,MD,"$141,758.33 "
MOUNT VERNON,NY,"$443,300.00 "
MILTON,FL,"$157,983.33 "
CEDAR PARK,TX,"$291,675.00 "
WESTON,FL,"$420,766.67 "
GRANTS PASS,OR,"$274,141.67 "
KENNER,LA,"$173,525.00 "
MAPLE GROVE,MN,"$280,616.67 "
STOCKBRIDGE,GA,"$147,050.00 "
DAYTONA BEACH,FL,"$140,916.67 "
PUNTA GORDA,FL,"$228,883.33 "
WOODBURY,MN,"$297,966.67 "
LAKEWOOD,WA,"$288,325.00 "
CORVALLIS,OR,"$362,883.33 "
THE VILLAGES,FL,"$254,966.67 "
ROCKVILLE,MD,"$482,275.00 "
WEST BLOOMFIELD,MI,"$281,550.00 "
NORTH PORT,FL,"$194,366.67 "
EAGAN,MN,"$266,566.67 "
SAN LUIS OBISPO,CA,"$672,416.67 "
BOZEMAN,MT,"$406,633.33 "
YOUNGSTOWN,OH,"$30,158.33 "
NORTH RICHLAND HILLS,TX,"$240,975.00 "
HICKORY,NC,"$157,391.67 "
OLD BRIDGE,NJ,"$305,258.33 "
BRUNSWICK,GA,"$144,125.00 "
HOT SPRINGS,AR,"$141,116.67 "
MADISON,AL,"$203,891.67 "
EWA BEACH,HI,"$619,875.00 "
WESTERVILLE,OH,"$283,108.33 "
FAYETTEVILLE,GA,"$221,616.67 "
PICO RIVERA,CA,"$470,700.00 "
MIDLAND,MI,"$138,833.33 "
HENDERSONVILLE,TN,"$279,391.67 "
CHARLESTON,WV,"$146,166.67 "
LAKEVILLE,MN,"$333,033.33 "
WESLEY CHAPEL,FL,"$233,641.67 "
CALDWELL,ID,"$191,866.67 "
MASSILLON,OH,"$120,750.00 "
FOUNTAINBLEAU,FL,"$179,175.00 "
VALRICO,FL,"$242,975.00 "
LAGUNA NIGUEL,CA,"$794,891.67 "
ROSEMEAD,CA,"$585,525.00 "
SOUTH SAN FRANCISCO,CA,"$978,383.33 "
LA CROSSE,WI,"$148,475.00 "
WEST HARTFORD,CT,"$296,216.67 "
SAN GABRIEL,CA,"$752,983.33 "
MEDINA,OH,"$206,533.33 "
POWDER SPRINGS,GA,"$195,366.67 "
FAIRBANKS,AK,"$238,766.67 "
RESTON,VA,"$423,458.33 "
YUKON,OK,"$160,216.67 "
TAMARAC,FL,"$178,733.33 "
SHAWNEE,KS,"$257,216.67 "
WAUKESHA,WI,"$206,483.33 "
SNOHOMISH,WA,"$546,241.67 "
CARSON CITY,NV,"$302,425.00 "
ELYRIA,OH,"$97,525.00 "
MONTEBELLO,CA,"$508,625.00 "
NORTH BERGEN,NJ,"$359,508.33 "
SAINT CLOUD,MN,"$146,675.00 "
WOODLAND,CA,"$389,125.00 "
FLORENCE,AL,"$128,000.00 "
EDEN PRAIRIE,MN,"$322,766.67 "
MANSFIELD,TX,"$270,541.67 "
WELLINGTON,FL,"$376,200.00 "
NOVATO,CA,"$850,133.33 "
FLORENCE-GRAHAM,CA,"$365,658.33 "
WALTHAM,MA,"$550,333.33 "
EASLEY,SC,"$168,066.67 "
BROOMFIELD,CO,"$417,550.00 "
NORTH MIAMI,FL,"$193,241.67 "
HAVERHILL,MA,"$274,725.00 "
COON RAPIDS,MN,"$222,233.33 "
DELAND,FL,"$181,516.67 "
ENCINITAS,CA,"$1,005,475.00 "
VALLEY STREAM,NY,"$462,908.33 "
TAYLOR,MI,"$93,208.33 "
BLAINE,MN,"$252,800.00 "
PASADENA,MD,"$289,208.33 "
PORT ORANGE,FL,"$213,166.67 "
SOUTH JORDAN,UT,"$396,283.33 "
HAMDEN,CT,"$187,475.00 "
LA HABRA,CA,"$535,091.67 "
BURNSVILLE,MN,"$255,300.00 "
LAND O LAKES,FL,"$245,133.33 "
GROVE CITY,OH,"$181,191.67 "
MECHANICSVILLE,VA,"$265,866.67 "
PRESCOTT,AZ,"$353,925.00 "
MONTEREY PARK,CA,"$607,220.00 "
ALBANY,OR,"$254,450.00 "
VINELAND,NJ,"$139,958.33 "
FLORENCE,SC,"$142,366.67 "
WEST DES MOINES,IA,"$218,841.67 "
UTICA,NY,"$104,133.33 "
GILROY,CA,"$769,733.33 "
LANCASTER,OH,"$136,458.33 "
WEST CHESTER,OH,"$235,225.00 "
HENDERSONVILLE,NC,"$246,833.33 "
JANESVILLE,WI,"$147,875.00 "
MALDEN,MA,"$428,816.67 "
WEST ALLIS,WI,"$142,958.33 "
CASTLE ROCK,CO,"$449,141.67 "
TAYLORSVILLE,UT,"$284,083.33 "
STUART,FL,"$204,850.00 "
BRISTOL,CT,"$164,775.00 "
RICHMOND,KY,"$164,958.33 "
NATIONAL CITY,CA,"$423,191.67 "
LEBANON,TN,"$245,066.67 "
AZUSA,CA,"$449,791.67 "
GARDENA,CA,"$522,700.00 "
ANNANDALE,VA,"$509,633.33 "
KENDALE LAKES,FL,"$234,208.33 "
SAMMAMISH,WA,"$901,308.33 "
FAIRFIELD,CT,"$558,433.33 "
CARROLLTON,GA,"$141,816.67 "
MERIDEN,CT,"$152,333.33 "
CUPERTINO,CA,"$2,131,350.00 "
MARTINSBURG,WV,"$166,600.00 "
CARMICHAEL,CA,"$389,250.00 "
BROOKLINE,MA,"$891,491.67 "
HUNTERSVILLE,NC,"$295,566.67 "
CLAYTON,NC,"$206,966.67 "
LUTZ,FL,"$268,116.67 "
ROYAL OAK,MI,"$232,975.00 "
SAINT PETERS,MO,"$184,541.67 "
TEXARKANA,TX,"$152,975.00 "
ALEXANDRIA,LA,"$147,558.33 "
LOMPOC,CA,"$346,741.67 "
TAMIAMI,FL,"$322,316.67 "
WHEATON,IL,"$327,391.67 "
OLYMPIA,WA,"$313,491.67 "
HEMPSTEAD,NY,"$321,750.00 "
MANCHESTER,CT,"$174,608.33 "
HOWELL,MI,"$239,941.67 "
MEDFORD,MA,"$544,125.00 "
GREENSBURG,PA,"$146,383.33 "
BARTLETT,TN,"$198,066.67 "
WHITE PLAINS,NY,"$683,783.33 "
WINTER HAVEN,FL,"$161,900.00 "
GRAND FORKS,ND,"$207,188.89 "
BAYONNE,NJ,"$364,658.33 "
GRETNA,LA,"$157,258.33 "
COLUMBIA,TN,"$174,258.33 "
PISCATAWAY,NJ,"$300,125.00 "
DOWNERS GROVE,IL,"$309,700.00 "
FOUNTAIN VALLEY,CA,"$764,241.67 "
ALTAMONTE SPRINGS,FL,"$154,058.33 "
COCONUT CREEK,FL,"$175,000.00 "
GOSHEN,IN,"$162,391.67 "
KETTERING,OH,"$132,025.00 "
MIDWEST CITY,OK,"$101,691.67 "
LEHI,UT,"$354,991.67 "
ABINGTON,PA,"$272,658.33 "
BERWYN,IL,"$202,558.33 "
DEARBORN HEIGHTS,MI,"$116,275.00 "
COLTON,CA,"$290,416.67 "
CROWN POINT,IN,"$212,500.00 "
TAUNTON,MA,"$270,466.67 "
MOORE,OK,"$133,633.33 "
PADUCAH,KY,"$131,858.33 "
GLENVIEW,IL,"$435,758.33 "
CHICOPEE,MA,"$170,316.67 "
NEW BRUNSWICK,NJ,"$196,208.33 "
GOOSE CREEK,SC,"$182,508.33 "
TITUSVILLE,FL,"$149,325.00 "
MARICOPA,AZ,"$186,708.33 "
JACKSON,NJ,"$330,758.33 "
LOGANVILLE,GA,"$200,441.67 "
TIGARD,OR,"$424,741.67 "
MOUNT PROSPECT,IL,"$280,050.00 "
PORT ORCHARD,WA,"$311,333.33 "
BLACKSBURG,VA,"$283,350.00 "
EL CENTRO,CA,"$238,666.67 "
BENSALEM,PA,"$245,216.67 "
MARGATE,FL,"$177,191.67 "
WAYNE,NJ,"$410,166.67 "
BUFORD,GA,"$244,400.00 "
SANTEE,CA,"$486,283.33 "
WEYMOUTH,MA,"$350,300.00 "
OREGON CITY,OR,"$398,441.67 "
ASHEBORO,NC,"$123,391.67 "
CHANTILLY,VA,"$477,316.67 "
MCLEAN,VA,"$834,300.00 "
PARAMOUNT,CA,"$359,141.67 "
MINOT,ND,"$202,800.00 "
FORT WALTON BEACH,FL,"$193,675.00 "
GRAND ISLAND,NE,"$150,100.00 "
MORRISTOWN,TN,"$129,983.33 "
LAGRANGE,GA,"$133,108.33 "
EULESS,TX,"$228,075.00 "
MORGANTON,NC,"$141,008.33 "
WYOMING,MI,"$144,691.67 "
FINDLAY,OH,"$157,083.33 "
RICHLAND,WA,"$296,466.67 "
LACEY,WA,"$285,566.67 "
NOVI,MI,"$286,591.67 "
GLENDORA,CA,"$585,700.00 "
DANVILLE,CA,"$1,258,341.67 "
PALM DESERT,CA,"$330,133.33 "
THE HAMMOCKS,FL,"$282,616.67 "
BONITA SPRINGS,FL,"$310,050.00 "
LONGWOOD,FL,"$268,958.33 "
DELANO,CA,"$197,341.67 "
CASTRO VALLEY,CA,"$820,741.67 "
HAMBURG,NY,"$175,508.33 "
LAKE HAVASU CITY,AZ,"$253,775.00 "
KALISPELL,MT,"$282,175.00 "
LINCOLN,CA,"$445,125.00 "
HACIENDA HEIGHTS,CA,"$612,600.00 "
OWINGS MILLS,MD,"$246,216.67 "
BUCKEYE,AZ,"$208,633.33 "
LENEXA,KS,"$310,033.33 "
KLAMATH FALLS,OR,"$169,700.00 "
CHESTERFIELD,VA,"$255,591.67 "
MIDDLEBURG,FL,"$174,008.33 "
HOBOKEN,NJ,"$696,916.67 "
WEST SACRAMENTO,CA,"$369,341.67 "
ORMOND BEACH,FL,"$224,625.00 "
CLARKSTOWN,NY,"$385,908.33 "
SHORELINE,WA,"$575,191.67 "
DELAWARE,OH,"$233,000.00 "
ATHENS,AL,"$143,640.00 "
YUCAIPA,CA,"$367,233.33 "
COVINGTON,LA,"$222,181.82 "
CROSSVILLE,TN,"$151,866.67 "
WEST HAVEN,CT,"$167,558.33 "
EAST LANSING,MI,"$182,300.00 "
SMYRNA,TN,"$211,633.33 "
PUYALLUP,WA,"$333,116.67 "
MORGANTOWN,WV,"$195,758.33 "
OROVILLE,CA,"$204,750.00 "
MILILANI,HI,"$498,960.00 "
TWIN FALLS,ID,"$192,816.67 "
CLERMONT,FL,"$251,783.33 "
WEST NEW YORK,NJ,"$469,708.33 "
BINGHAMTON,NY,"$91,891.67 "
APACHE JUNCTION,AZ,"$195,075.00 "
NORMAL,IL,"$154,516.67 "
LOMBARD,IL,"$228,441.67 "
MILLCREEK,PA,"$164,175.00 "
FLORISSANT,MO,"$89,450.00 "
UPPER DARBY,PA,"$91,433.33 "
OAK PARK,IL,"$302,266.67 "
DECATUR,GA,"$365,125.00 "
LAKE CITY,FL,"$143,066.67 "
PEABODY,MA,"$405,475.00 "
HOWELL,NJ,"$329,058.33 "
KENTWOOD,MI,"$182,741.67 "
LEVITTOWN,PA,"$221,425.00 "
DACULA,GA,"$249,325.00 "
TINLEY PARK,IL,"$193,075.00 "
ANKENY,IA,"$215,808.33 "
LANCASTER,SC,"$129,541.67 "
STRATFORD,CT,"$239,308.33 "
KINGMAN,AZ,"$145,508.33 "
PLACENTIA,CA,"$658,150.00 "
SEBRING,FL,"$129,033.33 "
MANKATO,MN,"$179,966.67 "
MASSAPEQUA,NY,"$479,441.67 "
HOLLISTER,CA,"$557,700.00 "
SEMINOLE,FL,"$219,233.33 "
POWAY,CA,"$720,933.33 "
BROOKHAVEN,GA,"$465,283.33 "
NORTH FORT MYERS,FL,"$178,425.00 "
GREENWOOD,SC,"$113,491.67 "
DORAL,FL,"$306,000.00 "
IRONDEQUOIT,NY,"$124,066.67 "
WEST MONROE,LA,"$162,308.33 "
MARRERO,LA,"$139,191.67 "
SOUTH HILL,WA,"$329,825.00 "
CUYAHOGA FALLS,OH,"$125,016.67 "
GARNER,NC,"$207,700.00 "
HUTCHINSON,KS,"$117,950.00 "
COOKEVILLE,TN,"$163,566.67 "
APPLE VALLEY,MN,"$257,458.33 "
FRANKFORT,KY,"$131,666.67 "
BENTONVILLE,AR,"$232,425.00 "
BELLEVILLE,IL,"$85,191.67 "
EAST HARTFORD,CT,"$152,466.67 "
SHEBOYGAN,WI,"$130,783.33 "
COMMERCE CITY,CO,"$353,450.00 "
KAILUA,HI,"$1,046,116.67 "
PLYMOUTH,MA,"$351,591.67 "
NORTH BETHESDA,MD,"$447,641.67 "
SIERRA VISTA,AZ,"$173,275.00 "
GRAPEVINE,TX,"$339,750.00 "
FALLBROOK,CA,"$557,966.67 "
EDINA,MN,"$407,966.67 "
CORAL GABLES,FL,"$650,800.00 "
CATHEDRAL CITY,CA,"$279,616.67 "
TROY,NY,"$132,475.00 "
WAXAHACHIE,TX,"$218,341.67 "
PALM SPRINGS,CA,"$358,716.67 "
PERTH AMBOY,NJ,"$232,625.00 "
LITTLE ELM,TX,"$277,883.33 "
LA MIRADA,CA,"$575,883.33 "
CYPRESS,CA,"$658,691.67 "
MOUNT JULIET,TN,"$310,775.00 "
MILFORD,CT,"$275,108.33 "
CERRITOS,CA,"$708,891.67 "
PARSIPPANY-TROY HILLS,NJ,"$411,150.00 "
EASTVALE,CA,"$571,483.33 "
SAN JACINTO,CA,"$279,700.00 "
ALISO VIEJO,CA,"$576,400.00 "
MOUNT PLEASANT,MI,"$130,591.67 "
MILWAUKIE,OR,"$351,566.67 "
METHUEN,MA,"$315,866.67 "
CEDAR HILL,TX,"$203,033.33 "
BURLINGTON,NC,"$121,408.33 "
HOFFMAN ESTATES,IL,"$245,966.67 "
MARTINEZ,CA,"$585,641.67 "
KANEOHE,HI,"$731,033.33 "
DUBLIN,CA,"$875,433.33 "
FLORENCE,KY,"$153,066.67 "
ROSEBURG,OR,"$212,800.00 "
PARKERSBURG,WV,"$96,033.33 "
HIGHLAND,CA,"$333,350.00 "
BEDFORD,TX,"$245,241.67 "
CLAREMORE,OK,"$146,308.33 "
KANNAPOLIS,NC,"$136,425.00 "
CRESTVIEW,FL,"$172,391.67 "
ELMIRA,NY,"$80,525.00 "
LONGVIEW,WA,"$223,300.00 "
PORTAGE,MI,"$166,225.00 "
POTOMAC,MD,"$940,875.00 "
FORT WASHINGTON,MD,"$293,125.00 "
GRAND BLANC,MI,"$171,833.33 "
DRAPER,UT,"$446,633.33 "
MURRAY,UT,"$277,675.00 "
LITTLETON,CO,"$438,658.33 "
CARTERSVILLE,GA,"$164,975.00 "
FREEHOLD,NJ,"$325,708.33 "
SAN TAN VALLEY,AZ,"$203,708.33 "
KERNERSVILLE,NC,"$167,425.00 "
ROWLETT,TX,"$246,800.00 "
MIDDLETOWN,CT,"$170,741.67 "
HAMMOND,LA,"$163,308.33 "
MORGAN HILL,CA,"$919,500.00 "
SAINT LOUIS PARK,MN,"$281,358.33 "
WAUWATOSA,WI,"$238,075.00 "
COLLIERVILLE,TN,"$326,916.67 "
ROSEVILLE,MI,"$90,233.33 "
SPANAWAY,WA,"$289,583.33 "
MINNETONKA,MN,"$322,575.00 "
BURIEN,WA,"$423,325.00 "
REDFORD,MI,"$91,333.33 "
ZEPHYRHILLS,FL,"$146,116.67 "
ELMHURST,IL,"$376,108.33 "
CHESTER,VA,"$221,833.33 "
DUNWOODY,GA,"$410,250.00 "
WEST ORANGE,NJ,"$380,691.67 "
MOUNT VERNON,WA,"$322,708.33 "
EUREKA,CA,"$274,491.67 "
BRIGHTON,MI,"$261,900.00 "
HINESVILLE,GA,"$111,483.33 "
LONDON,KY,"$137,983.33 "
DEKALB,IL,"$141,533.33 "
GALLATIN,TN,"$251,233.33 "
PERINTON,NY,"$206,408.33 "
CLARKSTON,MI,"$257,616.67 "
BONNEY LAKE,WA,"$401,258.33 "
LAKEWOOD,OH,"$168,191.67 "
EAST BRUNSWICK,NJ,"$322,608.33 "
BREA,CA,"$696,258.33 "
WYLIE,TX,"$255,333.33 "
AUBURN,CA,"$455,441.67 "
BLOOMFIELD HILLS,MI,"$398,116.67 "
PORT RICHEY,FL,"$112,725.00 "
KAPOLEI,HI,"$592,833.33 "
EVANS,GA,"$257,158.33 "
THIBODAUX,LA,"$178,025.00 "
EVESHAM,NJ,"$229,758.33 "
SOUTHAVEN,MS,"$159,391.67 "
KATY,TX,"$299,925.00 "
FUQUAY VARINA,NC,"$247,808.33 "
DESERT HOT SPRINGS,CA,"$205,833.33 "
YORKTOWN,VA,"$297,566.67 "
SEGUIN,TX,"$205,733.33 "
BLUE SPRINGS,MO,"$179,283.33 "
JONESBORO,GA,"$108,675.00 "
SHAKOPEE,MN,"$246,875.00 "
WEST SENECA,NY,"$154,475.00 "
ENID,OK,"$116,850.00 "
CLEVELAND HEIGHTS,OH,"$94,816.67 "
SOUTH BRUNSWICK,NJ,"$351,958.33 "
BRIDGEWATER,NJ,"$415,550.00 "
BEAVERCREEK,OH,"$198,041.67 "
GRASS VALLEY,CA,"$394,125.00 "
BEAUMONT,CA,"$328,191.67 "
WALLINGFORD,CT,"$232,441.67 "
THOMASVILLE,NC,"$124,000.00 "
MANDEVILLE,LA,"$257,436.36 "
MOLINE,IL,"$108,691.67 "
EVERETT,MA,"$416,925.00 "
ARLINGTON,MA,"$678,666.67 "
COUNTRY CLUB,FL,"$207,283.33 "
LAKE STEVENS,WA,"$392,800.00 "
GEORGETOWN,KY,"$190,791.67 "
BARNSTABLE,MA,"$360,825.00 "
PATCHOGUE,NY,"$314,033.33 "
AUSTELL,GA,"$149,483.33 "
COACHELLA,CA,"$248,558.33 "
ROWLAND HEIGHTS,CA,"$638,475.00 "
PRESCOTT VALLEY,AZ,"$267,116.67 "
FAIRFIELD,OH,"$148,600.00 "
ENFIELD,CT,"$181,208.33 "
CHESTERFIELD,MI,"$197,366.67 "
LAKESIDE,CA,"$486,833.33 "
ELKTON,MD,"$208,075.00 "
BURKE,VA,"$477,308.33 "
HACKENSACK,NJ,"$250,491.67 "
ATTLEBORO,MA,"$293,658.33 "
NEWARK,CA,"$907,025.00 "
CUMBERLAND,MD,"$78,741.67 "
GIG HARBOR,WA,"$471,450.00 "
WEBSTER,NY,"$191,525.00 "
EUCLID,OH,"$63,891.67 "
NICHOLASVILLE,KY,"$170,275.00 "
LINDENHURST,NY,"$349,883.33 "
PINE HILLS,FL,"$138,066.67 "
WINTER SPRINGS,FL,"$253,983.33 "
MANHEIM,PA,"$233,275.00 "
FREEPORT,NY,"$361,083.33 "
PITTSFIELD,MA,"$163,675.00 "
SOUTHINGTON,CT,"$254,316.67 "
HENRIETTA,NY,"$148,641.67 "
KENT,OH,"$151,858.33 "
OAKLAND PARK,FL,"$202,583.33 "
OKEECHOBEE,FL,"$141,941.67 "
SAYREVILLE,NJ,"$276,541.67 "
WINDSOR MILL,MD,"$193,033.33 "
WOOSTER,OH,"$151,466.67 "
FAIR OAKS,CA,"$421,383.33 "
BRUNSWICK,OH,"$180,733.33 "
MONROVIA,CA,"$684,016.67 "
PRAIRIEVILLE,LA,"$238,208.33 "
BRENTWOOD,TN,"$657,741.67 "
WALLA WALLA,WA,"$228,233.33 "
COVINGTON,KY,"$101,883.33 "
RANCHO SANTA MARGARITA,CA,"$585,990.91 "
CONCORD,NH,"$225,408.33 "
PEACHTREE CORNERS,GA,"$313,958.33 "
CHESTERFIELD,MO,"$360,016.67 "
LAKE OSWEGO,OR,"$588,033.33 "
BELOIT,WI,"$89,116.67 "
HICKSVILLE,NY,"$464,808.33 "
CAMPBELL,CA,"$1,351,508.33 "
LAKE MARY,FL,"$289,725.00 "
RAEFORD,NC,"$152,200.00 "
RUSSELLVILLE,AR,"$133,675.00 "
PENN HILLS,PA,"$84,225.00 "
ARLINGTON,WA,"$369,208.33 "
CUTLER BAY,FL,"$280,233.33 "
WENATCHEE,WA,"$274,625.00 "
ROCKLEDGE,FL,"$247,808.33 "
CAROL STREAM,IL,"$232,325.00 "
OSWEGO,IL,"$239,416.67 "
BILLERICA,MA,"$398,958.33 "
KELLER,TX,"$396,291.67 "
KEARNY,NJ,"$320,891.67 "
MARTINEZ,GA,"$162,666.67 "
CRYSTAL LAKE,IL,"$202,933.33 "
MT LAUREL,NJ,"$222,141.67 "
MENLO PARK,CA,"$2,098,008.33 "
GREENEVILLE,TN,"$114,683.33 "
SAN BRUNO,CA,"$923,991.67 "
FENTON,MO,"$217,691.67 "
MERRITT ISLAND,FL,"$263,150.00 "
PEKIN,IL,"$85,183.33 "
WINDER,GA,"$167,200.00 "
WESTFIELD,MA,"$210,800.00 "
NORTH LAUDERDALE,FL,"$175,625.00 "
URBANDALE,IA,"$235,791.67 "
LIVERPOOL,NY,"$150,575.00 "
WOONSOCKET,RI,"$176,966.67 "
LEVITTOWN,NY,"$419,683.33 "
BEAR,DE,"$249,183.33 "
HUDSON,FL,"$156,900.00 "
BARTLESVILLE,OK,"$116,950.00 "
SHELTON,CT,"$309,925.00 "
NORTHVILLE,MI,"$374,166.67 "
NORTH BRUNSWICK,NJ,"$253,783.33 "
ADDISON,IL,"$229,083.33 "
FITCHBURG,MA,"$195,800.00 "
GONZALES,LA,"$214,533.33 "
LOCKPORT,NY,"$109,025.00 "
LEOMINSTER,MA,"$234,550.00 "
FRANKLIN,NJ,"$301,166.67 "
PASO ROBLES,CA,"$476,125.00 "
SAN PABLO,CA,"$436,675.00 "
BLUFFTON,SC,"$271,758.33 "
MOSES LAKE,WA,"$202,825.00 "
NORTH MIAMI BEACH,FL,"$205,408.33 "
LA PUENTE,CA,"$446,808.33 "
MARLBORO,NJ,"$463,266.67 "
ESSEX,MD,"$167,000.00 "
BULLHEAD CITY,AZ,"$191,416.67 "
AIEA,HI,"$449,741.67 "
TEANECK,NJ,"$383,716.67 "
PAINESVILLE,OH,"$127,150.00 "
HOLYOKE,MA,"$187,533.33 "
CERES,CA,"$286,775.00 "
ELMONT,NY,"$419,241.67 "
SALEM,MA,"$356,400.00 "
MIDDLE RIVER,MD,"$189,075.00 "
BROOKFIELD,WI,"$307,391.67 "
MONROE,NJ,"$346,941.67 "
BEAUFORT,SC,"$216,875.00 "
SUN CITY,AZ,"$157,150.00 "
STREAMWOOD,IL,"$184,741.67 "
MOORHEAD,MN,"$189,308.33 "
RANCHO PALOS VERDES,CA,"$1,222,175.00 "
HILLIARD,OH,"$261,275.00 "
MUNDELEIN,IL,"$221,216.67 "
NEW BERLIN,WI,"$259,166.67 "
LOS BANOS,CA,"$309,425.00 "
WHEELING,IL,"$195,241.67 "
STEVENS POINT,WI,"$151,558.33 "
SCARSDALE,NY,"$1,061,316.67 "
AMHERST,MA,"$316,025.00 "
CLEBURNE,TX,"$149,691.67 "
CLINTON,MD,"$282,566.67 "
CASSELBERRY,FL,"$205,250.00 "
GERMANTOWN,TN,"$325,016.67 "
BARTLETT,IL,"$260,900.00 "
MARLBOROUGH,MA,"$334,966.67 "
MONTCLAIR,NJ,"$604,808.33 "
MAPLEWOOD,MN,"$225,875.00 "
HILLSBOROUGH,NJ,"$345,783.33 "
SPANISH FORK,UT,"$286,908.33 "
BRISTOL,TN,"$114,266.67 "
NORTH AUGUSTA,SC,"$143,466.67 "
RIVERTON,UT,"$367,758.33 "
BOWLING GREEN,OH,"$174,308.33 "
WOODINVILLE,WA,"$774,625.00 "
WEST BABYLON,NY,"$356,866.67 "
KINSTON,NC,"$90,125.00 "
KENDALL WEST,FL,"$197,916.67 "
BELTON,TX,"$200,050.00 "
WOBURN,MA,"$443,933.33 "
MONTGOMERY,TX,"$256,225.00 "
LAKE WALES,FL,"$130,733.33 "
GREAT NECK,NY,"$1,134,891.67 "
BRIGHTON,CO,"$341,450.00 "
LEBANON,OH,"$204,675.00 "
NORTHBROOK,IL,"$408,158.33 "
OAKLEY,CA,"$469,466.67 "
PAPILLION,NE,"$235,336.36 "
NOTTINGHAM,MD,"$215,225.00 "
WAIANAE,HI,"$399,708.33 "
WENTZVILLE,MO,"$226,608.33 "
HALLANDALE,FL,"$202,058.33 "
ROCK ISLAND,IL,"$91,741.67 "
PORT HURON,MI,"$90,366.67 "
MERRILLVILLE,IN,"$137,308.33 "
SARATOGA SPRINGS,NY,"$375,011.11 "
FAIRBURN,GA,"$161,941.67 "
RINGGOLD,GA,"$170,266.67 "
GREENACRES,FL,"$162,991.67 "
RAMONA,CA,"$519,441.67 "
MIAMISBURG,OH,"$156,391.67 "
LA QUINTA,CA,"$424,975.00 "
MONTCLAIR,CA,"$413,233.33 "
PACIFICA,CA,"$1,020,725.00 "
SEARCY,AR,"$125,208.33 "
GLEN ELLYN,IL,"$356,975.00 "
SALEM,VA,"$165,300.00 "
PARK RIDGE,IL,"$377,758.33 "
TIFTON,GA,"$135,191.67 "
ARNOLD,MO,"$167,241.67 "
PLYMOUTH,MI,"$292,191.67 "
ROMEOVILLE,IL,"$177,308.33 "
BROWNSBURG,IN,"$196,650.00 "
OCOEE,FL,"$251,116.67 "
EL DORADO HILLS,CA,"$648,525.00 "
PERRYSBURG,OH,"$215,741.67 "
ATWATER,CA,"$260,400.00 "
SEATTLE HILL-SILVER FIRS,WA,"$493,241.67 "
HURST,TX,"$213,166.67 "
DUNNELLON,FL,"$145,400.00 "
AVENTURA,FL,"$293,933.33 "
ENGLEWOOD,CO,"$364,425.00 "
CALHOUN,GA,"$132,850.00 "
HANOVER PARK,IL,"$191,891.67 "
LEAVENWORTH,KS,"$138,366.67 "
HENDERSON,KY,"$127,758.33 "
NORTHGLENN,CO,"$326,408.33 "
FRIENDSWOOD,TX,"$262,141.67 "
RONKONKOMA,NY,"$341,791.67 "
FRANCONIA,VA,"$456,775.00 "
MOUNT AIRY,NC,"$107,433.33 "
LINCOLN PARK,MI,"$73,666.67 "
ROHNERT PARK,CA,"$590,908.33 "
REYNOLDSBURG,OH,"$176,108.33 "
HILTON HEAD ISLAND,SC,"$358,991.67 "
PENFIELD,NY,"$204,308.33 "
GREENFIELD,WI,"$177,625.00 "
NORTHPORT,AL,"$188,025.00 "
BRIGHTON,NY,"$192,558.33 "
HUBER HEIGHTS,OH,"$118,733.33 "
MOORPARK,CA,"$669,483.33 "
BRAINTREE,MA,"$452,925.00 "
COPPERAS COVE,TX,"$126,975.00 "
DISTRICT HEIGHTS,MD,"$217,925.00 "
PORT ANGELES,WA,"$256,308.33 "
MCMINNVILLE,OR,"$316,266.67 "
LANCASTER,NY,"$182,666.67 "
CONVERSE,TX,"$177,966.67 "
TRUMBULL,CT,"$384,541.67 "
CLAREMONT,CA,"$651,733.33 "
ALTADENA,CA,"$832,091.67 "
EAST MEADOW,NY,"$479,166.67 "
BEVERLY,MA,"$419,675.00 "
KAILUA KONA,HI,"$498,777.78 "
MYRTLE BEACH,SC,"$136,208.33 "
FORT LEE,NJ,"$489,708.33 "
SULPHUR,LA,"$169,041.67 "
EAST POINT,GA,"$132,175.00 "
SHREWSBURY,MA,"$383,575.00 "
MANITOWOC,WI,"$101,883.33 "
NILES,MI,"$97,741.67 "
ORO VALLEY,AZ,"$291,608.33 "
LEMOORE,CA,"$238,841.67 "
CEDAR FALLS,IA,"$187,583.33 "
TUCKER,GA,"$219,025.00 "
SYKESVILLE,MD,"$366,116.67 "
WILDWOOD,MO,"$359,883.33 "
EWING,NJ,"$169,675.00 "
LAKE WORTH,FL,"$179,775.00 "
YORKTOWN,NY,"$428,700.00 "
MENOMONEE FALLS,WI,"$266,191.67 "
CLIFTON PARK,NY,"$293,025.00 "
SAN JUAN CAPISTRANO,CA,"$832,300.00 "
SONOMA,CA,"$812,741.67 "
RICHFIELD,MN,"$245,250.00 "
SMITHTOWN,NY,"$480,300.00 "
AVON,IN,"$207,583.33 "
WILDOMAR,CA,"$412,125.00 "
OAKVILLE,MO,"$232,625.00 "
EAST STROUDSBURG,PA,"$140,225.00 "
BOARDMAN,OH,"$99,441.67 "
PAHRUMP,NV,"$204,925.00 "
ALLIANCE,OH,"$94,358.33 "
WEST CHICAGO,IL,"$237,858.33 "
SANTA PAULA,CA,"$455,200.00 "
REDMOND,OR,"$288,516.67 "
PINEVILLE,LA,"$161,558.33 "
HALETHORPE,MD,"$203,075.00 "
PLACERVILLE,CA,"$393,800.00 "
NATICK,MA,"$536,225.00 "
TEMPLE CITY,CA,"$793,966.67 "
CABOT,AR,"$145,016.67 "
ROSEVILLE,MN,"$254,133.33 "
FRANKLIN,WI,"$252,666.67 "
TORRINGTON,CT,"$124,416.67 "
ORANGETOWN,NY,"$496,283.33 "
COMMERCE,MI,"$264,600.00 "
LA VERGNE,TN,"$193,083.33 "
KEARNS,UT,"$260,183.33 "
TROY,OH,"$148,733.33 "
NEW LENOX,IL,"$264,533.33 "
ANDOVER,MA,"$577,466.67 "
COTTAGE GROVE,MN,"$250,575.00 "
CHELMSFORD,MA,"$386,783.33 "
SENECA,SC,"$173,308.33 "
SHELBYVILLE,TN,"$146,016.67 "
VILLA RICA,GA,"$166,675.00 "
REISTERSTOWN,MD,"$246,500.00 "
STAUNTON,VA,"$160,216.67 "
CALEXICO,CA,"$233,258.33 "
BATTLE GROUND,WA,"$354,100.00 "
SOUTH MIAMI HEIGHTS,FL,"$251,833.33 "
CLOVER,SC,"$225,925.00 "
SHELBY,NC,"$106,658.33 "
PICKERINGTON,OH,"$245,616.67 "
LOS GATOS,CA,"$1,936,750.00 "
STOW,OH,"$169,383.33 "
BARSTOW,CA,"$135,191.67 "
ROYAL PALM BEACH,FL,"$267,508.33 "
GLASTONBURY,CT,"$316,025.00 "
LORTON,VA,"$429,791.67 "
HAGERSTOWN,MD,"$126,625.00 "
UPPER ARLINGTON,OH,"$388,925.00 "
PLEASANT HILL,CA,"$735,666.67 "
SHELTON,WA,"$222,091.67 "
POWELL,OH,"$377,458.33 "
DARTMOUTH,MA,"$327,133.33 "
OAK HARBOR,WA,"$316,283.33 "
GALESBURG,IL,"$69,641.67 "
PORTAGE,IN,"$161,841.67 "
MARYSVILLE,CA,"$253,125.00 "
GARDEN CITY,KS,"$165,300.00 "
CARMEL,NY,"$374,466.67 "
GURNEE,IL,"$219,766.67 "
MOUNT VERNON,VA,"$407,291.67 "
SAPULPA,OK,"$125,258.33 "
INVER GROVE HEIGHTS,MN,"$257,958.33 "
RANDOLPH,MA,"$341,666.67 "
SAND SPRINGS,OK,"$134,933.33 "
LEANDER,TX,"$267,333.33 "
MANHATTAN BEACH,CA,"$2,372,933.33 "
WATERTOWN,MA,"$576,216.67 "
ELIZABETHTON,TN,"$106,466.67 "
BAY CITY,MI,"$59,483.33 "
PAINE FIELD-LAKE STICKNEY,WA,"$358,350.00 "
SEVERN,MD,"$342,866.67 "
GREATER CARROLLWOOD,FL,"$210,458.33 "
DANA POINT,CA,"$935,325.00 "
PULLMAN,WA,"$273,608.33 "
SHINGLE SPRINGS,CA,"$485,175.00 "
RIDGECREST,CA,"$198,250.00 "
LEAWOOD,KS,"$477,691.67 "
FLOWERY BRANCH,GA,"$235,950.00 "
CHATSWORTH,GA,"$126,283.33 "
COOPER CITY,FL,"$369,725.00 "
GALT,CA,"$355,575.00 "
ADELANTO,CA,"$216,400.00 "
WARSAW,IN,"$166,641.67 "
GOLDEN GLADES,FL,"$215,800.00 "
SAN DIMAS,CA,"$592,950.00 "
ORION,MI,"$265,025.00 "
MARANA,AZ,"$265,783.33 "
TARPON SPRINGS,FL,"$240,063.64 "
LA VERNE,CA,"$641,116.67 "
PLEASANT GROVE,UT,"$288,300.00 "
NEWBURGH,IN,"$200,225.00 "
DURANGO,CO,"$419,975.00 "
EAGLE,ID,"$440,558.33 "
FARMINGDALE,NY,"$437,691.67 "
FAIR LAWN,NJ,"$432,875.00 "
SPOTSYLVANIA,VA,"$244,358.33 "
DERRY,NH,"$255,666.67 "
EL MIRAGE,AZ,"$188,491.67 "
OAKDALE,CA,"$361,516.67 "
BANNING,CA,"$258,441.67 "
TEHACHAPI,CA,"$275,225.00 "
MONTROSE,CO,"$243,400.00 "
LAWNDALE,CA,"$519,708.33 "
LOS ALTOS,CA,"$3,107,375.00 "
DUNEDIN,FL,"$237,608.33 "
LEXINGTON,MA,"$919,091.67 "
FRANKLIN,IN,"$147,516.67 "
GAINESVILLE,VA,"$448,866.67 "
SAHUARITA,AZ,"$213,500.00 "
MERRICK,NY,"$551,058.33 "
COLLINSVILLE,IL,"$116,750.00 "
PLAINFIELD,IN,"$189,225.00 "
WESTWEGO,LA,"$98,266.67 "
SYLVANIA,OH,"$192,716.67 "
KEN CARYL,CO,"$356,775.00 "
BELLMORE,NY,"$504,883.33 "
FRANKLIN,MA,"$398,933.33 "
SOMERTON,AZ,"$144,016.67 "
COTTONWOOD HEIGHTS,UT,"$422,766.67 "
SOUTH LYON,MI,"$311,533.33 "
FAIRHOPE,AL,"$243,916.67 "
RIVIERA BEACH,FL,"$201,725.00 "
EUSTIS,FL,"$190,083.33 "
VAN BUREN,AR,"$110,333.33 "
ROME,NY,"$99,583.33 "
WATERTOWN,WI,"$138,266.67 "
ODENTON,MD,"$297,433.33 "
SAINT CHARLES,IL,"$274,233.33 "
EASTPOINTE,MI,"$77,533.33 "
BELVIDERE,IL,"$150,733.33 "
PIKESVILLE,MD,"$273,833.33 "
GAHANNA,OH,"$222,791.67 "
IRMO,SC,"$158,241.67 "
RANDALLSTOWN,MD,"$222,233.33 "
DOVER,DE,"$162,025.00 "
NORTH RIDGEVILLE,OH,"$189,250.00 "
OSSINING,NY,"$424,458.33 "
ELKRIDGE,MD,"$326,708.33 "
MC MINNVILLE,TN,"$105,375.00 "
WEST FARGO,ND,"$218,066.67 "
BALDWIN,NY,"$432,700.00 "
MATTHEWS,NC,"$277,866.67 "
SHERWOOD,AR,"$148,675.00 "
DAVISON,MI,"$144,991.67 "
DAYTON,TX,"$232,158.33 "
PRIOR LAKE,MN,"$330,666.67 "
CHASKA,MN,"$294,183.33 "
WEST BEND,WI,"$184,008.33 "
DINUBA,CA,"$211,933.33 "
RICHMOND WEST,FL,"$329,425.00 "
ATASCADERO,CA,"$501,450.00 "
BETHEL PARK,PA,"$188,516.67 "
WESTMONT,CA,"$457,100.00 "
CULPEPER,VA,"$259,058.33 "
NEPTUNE,NJ,"$294,725.00 "
UNIVERSITY PLACE,WA,"$395,133.33 "
LA PORTE,TX,"$178,516.67 "
PEACHTREE CITY,GA,"$288,833.33 "
SARATOGA,CA,"$2,597,233.33 "
BOONE,NC,"$255,475.00 "
ANDOVER,MN,"$289,083.33 "
HOPE MILLS,NC,"$143,650.00 "
WINCHESTER,CA,"$426,633.33 "
FLORENCE,AZ,"$193,708.33 "
NORTH HUNTINGDON,PA,"$155,008.33 "
MARSHALLTOWN,IA,"$105,075.00 "
DEER PARK,TX,"$200,308.33 "
NORTH OLMSTED,OH,"$153,325.00 "
CLARENCE,NY,"$338,275.00 "
NILES,IL,"$271,500.00 "
FRANKLIN SQUARE,NY,"$495,050.00 "
PRINCETON,NJ,"$756,166.67 "
CAMAS,WA,"$464,925.00 "
WAYNESBORO,VA,"$178,525.00 "
MIDVALE,UT,"$280,166.67 "
UKIAH,CA,"$394,741.67 "
NAUGATUCK,CT,"$161,825.00 "
KEIZER,OR,"$277,541.67 "
POINCIANA,FL,"$170,800.00 "
SECURITY-WIDEFIELD,CO,"$248,533.33 "
WILLINGBORO,NJ,"$137,258.33 "
MAPLE VALLEY,WA,"$466,308.33 "
MEBANE,NC,"$195,150.00 "
LOWER MAKEFIELD,PA,"$403,008.33 "
GARFIELD,NJ,"$327,225.00 "
ORANGEVALE,CA,"$370,609.09 "
ALABASTER,AL,"$181,258.33 "
VESTAVIA HILLS,AL,"$329,250.00 "
WEST LITTLE RIVER,FL,"$184,541.67 "
BURLINGAME,CA,"$2,080,591.67 "
ROSS,PA,"$176,850.00 "
PARKVILLE,MD,"$179,850.00 "
CORAM,NY,"$285,708.33 "
MONTGOMERY VILLAGE,MD,"$270,108.33 "
WANTAGH,NY,"$486,766.67 "
MIDDLETOWN,PA,"$310,841.67 "
EDWARDSVILLE,IL,"$189,641.67 "
NORTH TONAWANDA,NY,"$127,375.00 "
CARPENTERSVILLE,IL,"$163,058.33 "
SEASIDE,CA,"$509,183.33 "
DRACUT,MA,"$285,033.33 "
WESTFIELD,IN,"$253,941.67 "
ROCKAWAY,NJ,"$310,641.67 "
BROOKLYN CENTER,MN,"$198,716.67 "
WHITE LAKE,MI,"$241,983.33 "
DOVER,NH,"$281,308.33 "
MURRAY,KY,"$133,066.67 "
NEWINGTON,CT,"$195,541.67 "
CIBOLO,TX,"$246,600.00 "
LAPEER,MI,"$149,475.00 "
LEESBURG,FL,"$167,075.00 "
PORTER,TX,"$215,766.67 "
MONTEREY,CA,"$772,183.33 "
ABINGDON,MD,"$229,375.00 "
WOODRIDGE,IL,"$254,258.33 "
MILLCREEK,UT,"$364,416.67 "
ELLENSBURG,WA,"$282,116.67 "
BENTON,AR,"$141,400.00 "
WAILUKU,HI,"$546,225.00 "
WADSWORTH,OH,"$175,050.00 "
NORTH ANDOVER,MA,"$428,608.33 "
WHEAT RIDGE,CO,"$412,516.67 "
GREATER UPPER MARLBORO,MD,"$296,358.33 "
TEWKSBURY,MA,"$388,108.33 "
LADSON,SC,"$166,841.67 "
DES MOINES,WA,"$385,100.00 "
LAGUNA HILLS,CA,"$690,216.67 "
WALNUT,CA,"$780,141.67 "
MADISON HEIGHTS,MI,"$129,250.00 "
NEEDHAM,MA,"$865,041.67 "
NORTHAMPTON,PA,"$369,850.00 "
INVERNESS,FL,"$125,025.00 "
DODGE CITY,KS,"$142,066.67 "
KYLE,TX,"$214,416.67 "
FREMONT,OH,"$104,816.67 "
ROCHESTER,NH,"$202,008.33 "
WARRENTON,VA,"$410,240.00 "
DREXEL HILL,PA,"$152,658.33 "
WEST LINN,OR,"$511,116.67 "
MIDLOTHIAN,TX,"$277,991.67 "
AMERICAN FORK,UT,"$305,883.33 "
EAST NORTHPORT,NY,"$486,491.67 "
GRAND HAVEN,MI,"$207,491.67 "
SELMA,CA,"$223,216.67 "
ZEELAND,MI,"$207,358.33 "
LIVINGSTON,NJ,"$607,708.33 "
NEW SMYRNA BEACH,FL,"$271,991.67 "
MOUNT PLEASANT,WI,"$180,516.67 "
PALMER,AK,"$249,575.00 "
CLEMMONS,NC,"$218,783.33 "
INDIAN TRAIL,NC,"$239,066.67 "
SAN CARLOS,CA,"$1,745,833.33 "
FARIBAULT,MN,"$173,691.67 "
OAK PARK,MI,"$135,825.00 "
WETUMPKA,AL,"$165,008.33 "
CICERO,NY,"$153,333.33 "
JUNCTION CITY,KS,"$135,833.33 "
BETHLEHEM,NY,"$266,133.33 "
LIBERTY,MO,"$194,000.00 "
FERNANDINA BEACH,FL,"$334,666.67 "
LAFAYETTE,CA,"$1,419,275.00 "
SEBASTOPOL,CA,"$841,725.00 "
DANIA BEACH,FL,"$218,958.33 "
PITTSFORD,NY,"$287,983.33 "
SHAWNEE,OK,"$96,091.67 "
FREMONT,NE,"$157,808.33 "
BROWNSTOWN,MI,"$185,225.00 "
GRANGER,IN,"$254,991.67 "
ORCHARD PARK,NY,"$251,458.33 "
BRAINERD,MN,"$155,150.00 "
HERMISTON,OR,"$209,708.33 "
COMMACK,NY,"$497,591.67 "
SAN LORENZO,CA,"$656,250.00 "
CRANBERRY,PA,"$292,908.33 "
PARAGOULD,AR,"$111,408.33 "
SOUTHGATE,MI,"$114,933.33 "
VOORHEES,NJ,"$246,525.00 "
INMAN,SC,"$164,783.33 "
SHELBYVILLE,KY,"$176,666.67 "
CHESHIRE,CT,"$292,016.67 "
WARMINSTER,PA,"$285,300.00 "
OWATONNA,MN,"$172,841.67 "
CENTEREACH,NY,"$336,691.67 "
ARROYO GRANDE,CA,"$676,475.00 "
LIBERTYVILLE,IL,"$399,316.67 "
HOPEWELL,VA,"$111,775.00 "
NORWOOD,MA,"$456,058.33 "
LANSING,IL,"$115,966.67 "
VERNON ROCKVILLE,CT,"$178,316.67 "
SCHERTZ,TX,"$222,408.33 "
JOHNSTON,RI,"$222,375.00 "
HOLIDAY,FL,"$108,383.33 "
LAWRENCE,NJ,"$262,283.33 "
JONESBOROUGH,TN,"$184,741.67 "
SHERWOOD,OR,"$413,358.33 "
SOUTH LAKE TAHOE,CA,"$441,916.67 "
GENEVA,IL,"$323,783.33 "
YORK,SC,"$184,600.00 "
EAST HAVEN,CT,"$188,775.00 "
MEHLVILLE,MO,"$145,508.33 "
BOURBONNAIS,IL,"$185,816.67 "
LITCHFIELD PARK,AZ,"$267,691.67 "
HAMPDEN,PA,"$246,075.00 "
GUILDERLAND,NY,"$270,333.33 "
NORTH ATTLEBORO,MA,"$322,975.00 "
WEST SPRINGFIELD,MA,"$194,508.33 "
WELLESLEY,MA,"$1,234,816.67 "
PLAINVIEW,NY,"$576,575.00 "
WINDSOR,CT,"$215,925.00 "
NEWBERG,OR,"$336,266.67 "
FLORIN,CA,"$258,708.33 "
NORTH PLATTE,NE,"$155,825.00 "
DERBY,KS,"$174,550.00 "
DUNCAN,OK,"$82,758.33 "
ROCKFORD,MI,"$241,075.00 "
SPRINGVILLE,UT,"$288,408.33 "
LONG BRANCH,NJ,"$367,166.67 "
NORFOLK,NE,"$163,741.67 "
OAK RIDGE,TN,"$136,141.67 "
SHALER,PA,"$180,466.67 "
CHILI,NY,"$141,125.00 "
AGAWAM,MA,"$209,016.67 "
ABINGDON,VA,"$163,083.33 "
WEST WARWICK,RI,"$199,266.67 "
SEATAC,WA,"$351,300.00 "
VAN BUREN,MI,"$186,566.67 "
CHRISTIANSBURG,VA,"$189,308.33 "
AMITYVILLE,NY,"$353,316.67 "
SAUGUS,MA,"$419,983.33 "
ALGONQUIN,IL,"$230,366.67 "
BELTSVILLE,MD,"$316,000.00 "
MILL VALLEY,CA,"$1,461,127.27 "
LAKE MAGDALENE,FL,"$213,358.33 "
NORCO,CA,"$557,766.67 "
MILLVILLE,NJ,"$102,466.67 "
VESTAL,NY,"$135,966.67 "
LONG BEACH,NY,"$528,975.00 "
MOUNT AIRY,MD,"$396,791.67 "
HAPPY VALLEY,OR,"$491,616.67 "
NUTLEY,NJ,"$395,950.00 "
MILFORD,MA,"$314,683.33 "
ENGLEWOOD,FL,"$216,125.00 "
OAKDALE,MN,"$222,708.33 "
RED BLUFF,CA,"$205,258.33 "
PALM CITY,FL,"$320,816.67 "
GRANDVILLE,MI,"$200,541.67 "
OWOSSO,MI,"$95,775.00 "
OLIVEHURST,CA,"$280,975.00 "
STOUGHTON,MA,"$342,266.67 "
ENGLEWOOD,NJ,"$380,333.33 "
BRANFORD,CT,"$242,125.00 "
WILLISTON,ND,"$254,275.00 "
CENTRAL POINT,OR,"$273,375.00 "
KING OF PRUSSIA,PA,"$317,325.00 "
CHAMBLEE,GA,"$322,408.33 "
COLONIAL HEIGHTS,VA,"$155,383.33 "
OCEANSIDE,NY,"$472,583.33 "
NEWTOWN,CT,"$385,150.00 "
SHELBYVILLE,IN,"$118,733.33 "
YORK,PA,"$186,250.00 "
HIGHLAND PARK,IL,"$428,683.33 "
FESTUS,MO,"$162,166.67 "
HARKER HEIGHTS,TX,"$196,841.67 "
CANTONMENT,FL,"$176,700.00 "
CLINTON,TN,"$145,291.67 "
HUTTO,TX,"$234,841.67 "
GRAHAM,WA,"$345,683.33 "
GOLETA,CA,"$750,558.33 "
MONROEVILLE,PA,"$140,475.00 "
AUBURNDALE,FL,"$169,358.33 "
CENTRALIA,WA,"$205,941.67 "
SUGAR HILL,GA,"$235,041.67 "
PONCHATOULA,LA,"$163,258.33 "
STANTON,CA,"$450,775.00 "
SPRING HILL,TN,"$277,675.00 "
SHAKER HEIGHTS,OH,"$194,833.33 "
WASCO,CA,"$194,191.67 "
BARDSTOWN,KY,"$152,108.33 "
NEW MILFORD,CT,"$263,800.00 "
BARTOW,FL,"$138,233.33 "
FOUNTAIN,CO,"$252,350.00 "
WINDERMERE,FL,"$404,266.67 "
LAKE JACKSON,TX,"$207,091.67 "
POULSBO,WA,"$403,475.00 "
DIX HILLS,NY,"$674,741.67 "
MIAMI LAKES,FL,"$367,083.33 "
WEATHERFORD,TX,"$197,091.67 "
EAST WINDSOR,NJ,"$245,241.67 "
RUSKIN,FL,"$203,925.00 "
MILTON,MA,"$686,308.33 "
PLUM,PA,"$154,566.67 "
ALLEN PARK,MI,"$131,100.00 "
QUEENSBURY,NY,"$221,958.33 "
FRIDLEY,MN,"$213,658.33 "
WINTERVILLE,NC,"$163,650.00 "
DANVERS,MA,"$427,258.33 "
BRIDGEWATER,MA,"$346,858.33 "
SUISUN CITY,CA,"$391,166.67 "
BERGENFIELD,NJ,"$367,091.67 "
MELROSE,MA,"$595,025.00 "
LADERA RANCH,CA,"$711,791.67 "
LOWER MERION,PA,"$550,175.00 "
HOLLY SPRINGS,NC,"$308,983.33 "
PARKLAND,FL,"$618,000.00 "
CLEARFIELD,UT,"$249,641.67 "
FITCHBURG,WI,"$283,750.00 "
SAVAGE,MN,"$286,775.00 "
SEVERNA PARK,MD,"$490,250.00 "
MURRELLS INLET,SC,"$201,700.00 "
SEQUIM,WA,"$333,258.33 "
MEDFORD,NY,"$291,625.00 "
BERNARDS,NJ,"$598,516.67 "
WINDSOR,CA,"$650,983.33 "
EAST PALO ALTO,CA,"$965,475.00 "
DEER PARK,NY,"$379,283.33 "
SEBASTIAN,FL,"$205,908.33 "
SPRINGFIELD,TN,"$167,300.00 "
PARAMUS,NJ,"$619,481.82 "
MAGNA,UT,"$254,525.00 "
LAKE IN THE HILLS,IL,"$210,008.33 "
RIVERHEAD,NY,"$352,583.33 "
PARKLAND,WA,"$258,216.67 "
OXFORD,OH,"$188,225.00 "
MADISONVILLE,KY,"$108,066.67 "
LITHIA SPRINGS,GA,"$142,833.33 "
GARDEN CITY,MI,"$118,166.67 "
WARRENSBURG,MO,"$174,491.67 "
TUALATIN,OR,"$448,341.67 "
DICKSON,TN,"$170,216.67 "
WOODBURN,OR,"$267,141.67 "
BURBANK,IL,"$185,183.33 "
YORKVILLE,IL,"$229,725.00 "
BELMONT,CA,"$1,721,033.33 "
BRISTOW,VA,"$436,441.67 "
EASTON,PA,"$110,641.67 "
MOUNTAIN HOME,AR,"$130,566.67 "
UNIONDALE,NY,"$362,033.33 "
FARMINGTON,MN,"$257,033.33 "
SUPERIOR,WI,"$121,272.73 "
BURTON,MI,"$75,108.33 "
OXFORD,NC,"$142,366.67 "
FOLEY,AL,"$164,308.33 "
MOUNT DORA,FL,"$230,850.00 "
SCHERERVILLE,IN,"$202,583.33 "
MONROE,NC,"$180,391.67 "
SUN CITY WEST,AZ,"$228,558.33 "
HUNTLEY,IL,"$245,050.00 "
ROANOKE RAPIDS,NC,"$75,966.67 "
HORSHAM,PA,"$294,375.00 "
DAWSONVILLE,GA,"$225,266.67 "
CROSBY,TX,"$198,200.00 "
JENISON,MI,"$193,816.67 "
ROCKVILLE CENTRE,NY,"$668,441.67 "
UNIVERSITY PARK,FL,"$305,091.67 "
FOREST GROVE,OR,"$348,266.67 "
WAKEFIELD,MA,"$509,725.00 "
WETHERSFIELD,CT,"$228,333.33 "
GLADSTONE,MO,"$150,283.33 "
MONROE,WA,"$419,916.67 "
BELLA VISTA,AR,"$163,200.00 "
SUN PRAIRIE,WI,"$262,508.33 "
ALTON,IL,"$60,458.33 "
TAKOMA PARK,MD,"$469,750.00 "
LEESBURG,GA,"$158,141.67 "
NEW LONDON,CT,"$159,875.00 "
ADRIAN,MI,"$106,166.67 "
NICEVILLE,FL,"$282,191.67 "
SHOREVIEW,MN,"$263,966.67 "
FRANKLIN,NC,"$147,466.67 "
DUMFRIES,VA,"$349,050.00 "
MARSHFIELD,WI,"$138,200.00 "
MIDDLETOWN,NY,"$152,341.67 "
JUNEAU,AK,"$368,000.00 "
WARWICK,NY,"$308,133.33 "
MAUMEE,OH,"$169,066.67 "
EDGEWATER,FL,"$163,408.33 "
CLINTON,NC,"$107,825.00 "
SMYRNA,DE,"$232,750.00 "
WILMETTE,IL,"$605,358.33 "
GREEN COVE SPRINGS,FL,"$189,733.33 "
TEMPLE HILLS,MD,"$191,683.33 "
KIRKWOOD,MO,"$252,800.00 "
DOYLESTOWN,PA,"$421,908.33 "
SOUTH WINDSOR,CT,"$238,541.67 "
MORRISVILLE,NC,"$293,725.00 "
DICKINSON,ND,"$243,375.00 "
PELL CITY,AL,"$164,658.33 "
CORNELIUS,NC,"$273,125.00 "
CITRUS PARK,FL,"$228,983.33 "
RANDOLPH,NJ,"$522,175.00 "
WEST WINDSOR,NJ,"$514,300.00 "
OAK FOREST,IL,"$171,258.33 "
LEMON GROVE,CA,"$449,825.00 "
WEST MILFORD,NJ,"$229,216.67 "
HOBART,IN,"$138,900.00 "
SPARTA,TN,"$119,350.00 "
LOCHEARN,MD,"$189,133.33 "
GREEN,OH,"$185,708.33 "
CANON CITY,CO,"$190,525.00 "
WESTPORT,CT,"$1,099,316.67 "
LOWER MACUNGIE,PA,"$256,441.67 "
BENICIA,CA,"$595,450.00 "
SELDEN,NY,"$303,350.00 "
FOREST PARK,GA,"$63,366.67 "
ROUND LAKE BEACH,IL,"$139,333.33 "
PARADISE,CA,"$254,640.00 "
NEW PHILADELPHIA,OH,"$114,133.33 "
MERRIMACK,NH,"$260,258.33 "
KNIGHTDALE,NC,"$201,933.33 "
READING,MA,"$542,716.67 "
CRAWFORDSVILLE,IN,"$126,533.33 "
PATTERSON,CA,"$350,600.00 "
GOLDEN,CO,"$545,716.67 "
DYERSBURG,TN,"$90,175.00 "
HOMEWOOD,AL,"$329,283.33 "
MELROSE PARK,IL,"$193,458.33 "
MOON,PA,"$215,558.33 "
RIDGEWOOD,NJ,"$743,941.67 "
GLEN COVE,NY,"$535,391.67 "
MANCHESTER,TN,"$149,491.67 "
COTTONWOOD,AZ,"$222,991.67 "
SEFFNER,FL,"$186,358.33 "
BURLINGTON,MA,"$540,683.33 "
GREENBELT,MD,"$189,550.00 "
ELLIJAY,GA,"$192,041.67 "
ATHENS,TN,"$121,158.33 "
ANTIOCH,IL,"$198,116.67 "
EVERGREEN,CO,"$593,241.67 "
LENOIR CITY,TN,"$201,775.00 "
RAMSEY,MN,"$246,325.00 "
FARMINGTON,CT,"$294,975.00 "
SOUTH SALT LAKE,UT,"$262,258.33 "
HERNANDO,MS,"$209,683.33 "
FOREST,VA,"$261,900.00 "
SUMMERFIELD,FL,"$177,750.00 "
DAVENPORT,FL,"$205,533.33 "
ZACHARY,LA,"$208,058.33 "
NAVARRE,FL,"$237,450.00 "
APTOS,CA,"$879,350.00 "
BROOKINGS,SD,"$213,360.00 "
BLACKLICK,OH,"$206,033.33 "
OKEMOS,MI,"$249,325.00 "
NORTH POTOMAC,MD,"$630,891.67 "
YUCCA VALLEY,CA,"$201,225.00 "
OILDALE,CA,"$146,808.33 "
NORTH WALES,PA,"$291,391.67 "
BEREA,KY,"$143,183.33 "
RIDGEFIELD,CT,"$615,400.00 "
WYANDOTTE,MI,"$112,766.67 "
WALPOLE,MA,"$499,275.00 "
NORTHFIELD,MN,"$246,391.67 "
CALEDONIA,WI,"$217,900.00 "
GROVETON,VA,"$449,475.00 "
BLOOMINGDALE,IL,"$266,333.33 "
TEMPLE TERRACE,FL,"$181,450.00 "
SOUTH HOLLAND,IL,"$150,141.67 "
DEDHAM,MA,"$480,366.67 "
MUSKEGO,WI,"$303,600.00 "
TAHLEQUAH,OK,"$108,916.67 "
GRANDVIEW,MO,"$131,391.67 "
UPPER DUBLIN,PA,"$405,233.33 "
ELMWOOD PARK,IL,"$220,991.67 "
COLUMBINE,CO,"$401,175.00 "
ONALASKA,WI,"$213,333.33 "
CHARLESTON,IL,"$96,691.67 "
LODI,NJ,"$346,925.00 "
BATAVIA,IL,"$289,966.67 "
MILFORD,MI,"$331,441.67 "
MANDAN,ND,"$231,650.00 "
KING GEORGE,VA,"$265,141.67 "
CHAMBERSBURG,PA,"$145,033.33 "
GREEN VALLEY,AZ,"$160,108.33 "
CRAWFORDVILLE,FL,"$148,350.00 "
ABERDEEN,MD,"$186,325.00 "
SEAL BEACH,CA,"$924,158.33 "
RICHMOND HILL,GA,"$249,066.67 "
CLIFFSIDE PARK,NJ,"$498,725.00 "
SOMERSET,NJ,"$269,108.33 "
SHIRLEY,NY,"$235,208.33 "
DERWOOD,MD,"$430,275.00 "
ROSELLE,IL,"$214,375.00 "
COOS BAY,OR,"$183,858.33 "
WASHINGTON,MI,"$291,608.33 "
MERCER ISLAND,WA,"$1,429,225.00 "
WALKER,MI,"$195,266.67 "
EL CERRITO,CA,"$935,266.67 "
RIVER FALLS,WI,"$232,875.00 "
ALLENDALE,MI,"$219,200.00 "
SAN FERNANDO,CA,"$468,766.67 "
CARNEY,MD,"$221,708.33 "
WEST HEMPSTEAD,NY,"$468,950.00 "
ANDERSON,CA,"$209,866.67 "
NORTH POLE,AK,"$261,666.67 "
AGOURA HILLS,CA,"$802,283.33 "
KELSO,WA,"$218,116.67 "
SPRINGFIELD,PA,"$293,783.33 "
FRUIT COVE,FL,"$280,300.00 "
CARTERET,NJ,"$251,250.00 "
WHITEHALL,PA,"$178,741.67 "
VININGS,GA,"$303,341.67 "
VILLAGE OF PALMETTO BAY,FL,"$518,275.00 "
PORT JEFFERSON STATION,NY,"$331,808.33 "
COCKEYSVILLE,MD,"$337,650.00 "
AZLE,TX,"$206,975.00 "
LEISURE CITY,FL,"$190,233.33 "
EAGLE MOUNTAIN,UT,"$306,500.00 "
ELK RIVER,MN,"$247,741.67 "
CORONADO,CA,"$1,600,558.33 "
HOMOSASSA,FL,"$167,675.00 "
IMPERIAL,MO,"$207,133.33 "
WALL,NJ,"$472,316.67 "
MORTON GROVE,IL,"$303,600.00 "
EASTON,MD,"$282,216.67 "
MIDDLEBOROUGH,MA,"$321,941.67 "
SAGINAW,TX,"$196,700.00 "
LOWER PAXTON,PA,"$218,266.67 "
WASHINGTON,IL,"$149,133.33 "
NORTH HAVEN,CT,"$266,541.67 "
SIMSBURY,CT,"$307,416.67 "
DAPHNE,AL,"$186,558.33 "
SOUTH PLAINFIELD,NJ,"$306,033.33 "
TULLAHOMA,TN,"$137,791.67 "
LEMONT,IL,"$333,925.00 "
ZEBULON,NC,"$169,925.00 "
CLEVELAND,GA,"$163,933.33 "
EPHRATA,PA,"$195,633.33 "
MECHANICSVILLE,MD,"$272,391.67 "
MCHENRY,IL,"$166,141.67 "
SILVERDALE,WA,"$373,966.67 "
THE CROSSINGS,FL,"$271,208.33 "
WARRINGTON,PA,"$326,891.67 "
EASTON,MA,"$342,600.00 "
WESTFORD,MA,"$514,541.67 "
OTTAWA,IL,"$121,016.67 "
MINT HILL,NC,"$267,708.33 "
MEQUON,WI,"$390,125.00 "
WEXFORD,PA,"$334,991.67 "
HARVEST,AL,"$170,866.67 "
MAPLEWOOD,NJ,"$548,825.00 "
LEXINGTON PARK,MD,"$234,341.67 "
SEYMOUR,TN,"$182,200.00 "
WESTMONT,IL,"$254,158.33 "
MANSFIELD,MA,"$375,475.00 "
ROSEMONT,CA,"$304,250.00 "
KIHEI,HI,"$561,300.00 "
YARMOUTH,MA,"$320,041.67 "
KEENE,NH,"$169,283.33 "
WHITE BEAR LAKE,MN,"$242,558.33 "
HAYMARKET,VA,"$506,816.67 "
FOUNTAIN HILLS,AZ,"$324,533.33 "
ODESSA,FL,"$403,233.33 "
RIVERSIDE,OH,"$98,358.33 "
ROXBURY,NJ,"$298,833.33 "
NORTH TUSTIN,CA,"$990,641.67 "
CORTLANDT MANOR,NY,"$422,408.33 "
PEEKSKILL,NY,"$320,883.33 "
INDEPENDENCE,KY,"$180,991.67 "
LYNN HAVEN,FL,"$207,200.00 "
PORTLAND,TN,"$172,458.33 "
DOVER,PA,"$157,683.33 "
YOUNGSVILLE,LA,"$206,100.00 "
CROFTON,MD,"$302,041.67 "
MEDFORD,NJ,"$316,816.67 "
CALABASAS,CA,"$1,178,716.67 "
OOLTEWAH,TN,"$271,216.67 "
HALFMOON,NY,"$293,383.33 "
GRANITE BAY,CA,"$759,350.00 "
HOMER GLEN,IL,"$334,400.00 "
CHAMPLIN,MN,"$243,125.00 "
SMITHFIELD,NC,"$167,633.33 "
MASSAPEQUA PARK,NY,"$494,091.67 "
CHELTENHAM,PA,"$219,625.00 "
PORT HUENEME,CA,"$390,458.33 "
HIGHLAND,IN,"$167,575.00 "
ROSEMOUNT,MN,"$289,866.67 "
SOLON,OH,"$271,541.67 "
TRUSSVILLE,AL,"$239,175.00 "
WATAUGA,TX,"$178,233.33 "
DIXON,CA,"$433,883.33 "
GRAYSON,GA,"$252,666.67 "
MUNSTER,IN,"$234,783.33 "
WILLMAR,MN,"$145,866.67 "
WILMINGTON,MA,"$482,625.00 "
BURLINGTON,KY,"$181,008.33 "
CASTAIC,CA,"$548,750.00 "
WESTCHASE,FL,"$319,575.00 "
OLNEY,MD,"$446,250.00 "
MUSTANG,OK,"$169,483.33 "
MARSHFIELD,MA,"$429,875.00 "
ORANGE CITY,FL,"$153,091.67 "
ANTHEM,AZ,"$277,450.00 "
EDGEWOOD,MD,"$145,891.67 "
SYCAMORE,IL,"$178,058.33 "
MOORESVILLE,IN,"$174,008.33 "
HIRAM,GA,"$165,741.67 "
TWINSBURG,OH,"$198,133.33 "
LOCKPORT,IL,"$201,241.67 "
YELM,WA,"$262,425.00 "
CHAGRIN FALLS,OH,"$299,941.67 "
CHANHASSEN,MN,"$385,158.33 "
GARDNERVILLE,NV,"$365,233.33 "
CRYSTAL,MN,"$215,475.00 "
WEBSTER GROVES,MO,"$259,116.67 "
ROLLING MEADOWS,IL,"$196,775.00 "
CANTON,MA,"$436,116.67 "
DE WITT,NY,"$176,141.67 "
TROY,MO,"$174,141.67 "
MONUMENT,CO,"$470,475.00 "
ELKO,NV,"$247,516.67 "
MAPLE HEIGHTS,OH,"$50,316.67 "
HIALEAH GARDENS,FL,"$213,416.67 "
UPPER PROVIDENCE,PA,"$291,575.00 "
GARDNER,KS,"$224,591.67 "
POTTSTOWN,PA,"$100,000.00 "
BYRON CENTER,MI,"$252,566.67 "
POWELL,TN,"$168,350.00 "
ALVIN,TX,"$174,691.67 "
DARIEN,IL,"$299,141.67 "
GARDEN CITY,NY,"$904,583.33 "
LA GRANGE,KY,"$258,808.33 "
UPPER MACUNGIE,PA,"$271,541.67 "
WILLOUGHBY,OH,"$150,191.67 "
EAST HEMPFIELD,PA,"$254,900.00 "
CANFIELD,OH,"$185,508.33 "
BENBROOK,TX,"$210,525.00 "
BEAVER DAM,WI,"$137,908.33 "
SUNNYSIDE,WA,"$163,541.67 "
GUILFORD,CT,"$365,091.67 "
CHALMETTE,LA,"$141,875.00 "
OLMSTED FALLS,OH,"$165,708.33 "
SAINT MARYS,GA,"$131,240.00 "
AVON,OH,"$272,691.67 "
HUDSON,OH,"$335,900.00 "
NISKAYUNA,NY,"$252,258.33 "
ELGIN,SC,"$161,458.33 "
NEW BRIGHTON,MN,"$262,341.67 "
CHARDON,OH,"$222,541.67 "
BELTON,MO,"$155,700.00 "
OSHTEMO,MI,"$205,641.67 "
STONY BROOK,NY,"$443,575.00 "
BARNEGAT,NJ,"$212,008.33 "
KENMORE,WA,"$629,908.33 "
BOILING SPRINGS,SC,"$160,241.67 "
MARYLAND HEIGHTS,MO,"$161,208.33 "
VALLEY CENTER,CA,"$595,141.67 "
TEMPERANCE,MI,"$177,516.67 "
BETHPAGE,NY,"$446,250.00 "
HINGHAM,MA,"$761,616.67 "
AMERICAN CANYON,CA,"$527,808.33 "
CENTERVILLE,OH,"$180,058.33 "
VILLA PARK,IL,"$234,716.67 "
FAYETTEVILLE,TN,"$111,350.00 "
SALINE,MI,"$298,216.67 "
WASHINGTON,MO,"$163,250.00 "
BLYTHEWOOD,SC,"$218,183.33 "
WASHOUGAL,WA,"$391,791.67 "
THEODORE,AL,"$117,900.00 "
RARITAN,NJ,"$355,933.33 "
MERCHANTVILLE,NJ,"$150,958.33 "
LILLINGTON,NC,"$165,258.33 "
MCCANDLESS,PA,"$235,000.00 "
NORTH PLAINFIELD,NJ,"$257,775.00 "
SEAFORD,NY,"$484,633.33 "
WILSONVILLE,OR,"$430,891.67 "
HILLSBOROUGH,NC,"$278,041.67 "
PHELAN,CA,"$280,358.33 "
MADISON,IN,"$127,341.67 "
MONTVILLE,NJ,"$517,825.00 "
WEST CARSON,CA,"$480,216.67 "
BIXBY,OK,"$210,758.33 "
SUMMIT,NJ,"$991,225.00 "
NORTON SHORES,MI,"$146,966.67 "
PRAIRIE VILLAGE,KS,"$288,100.00 "
STONEHAM,MA,"$457,316.67 "
CHARLOTTE,MI,"$132,550.00 "
SOUTH EUCLID,OH,"$83,916.67 "
SOCASTEE,SC,"$158,525.00 "
MANOR,TX,"$205,691.67 "
MAUMELLE,AR,"$203,208.33 "
ROYSE CITY,TX,"$220,408.33 "
MATTOON,IL,"$74,741.67 "
FARRAGUT,TN,"$354,050.00 "
GLENVILLE,NY,"$204,466.67 "
DUARTE,CA,"$525,958.33 "
BAKER,LA,"$110,916.67 "
MORRIS,NJ,"$578,683.33 "
LOMA LINDA,CA,"$388,670.00 "
GROVELAND,FL,"$213,875.00 "
PETERS,PA,"$340,525.00 "
NEWTOWN,PA,"$368,400.00 "
AUBURN HILLS,MI,"$157,433.33 "
TOCCOA,GA,"$109,325.00 "
HERCULES,CA,"$542,108.33 "
WATERTOWN,CT,"$204,425.00 "
HELOTES,TX,"$236,800.00 "
BEDFORD,NH,"$442,208.33 "
DARIEN,CT,"$1,248,866.67 "
JENKS,OK,"$206,050.00 "
WAREHAM,MA,"$256,000.00 "
SILOAM SPRINGS,AR,"$144,225.00 "
LOS ALAMITOS,CA,"$955,100.00 "
CITRUS RIDGE,FL,"$218,166.67 "
MULBERRY,FL,"$162,508.33 "
LYNDHURST,NJ,"$365,558.33 "
PORTSMOUTH,NH,"$423,958.33 "
HORSEHEADS,NY,"$143,941.67 "
CHARLES TOWN,WV,"$248,300.00 "
SPRINGBORO,OH,"$244,700.00 "
SUN CITY CENTER,FL,"$170,791.67 "
HAYESVILLE,OR,"$251,350.00 "
MONROE,NJ,"$188,525.00 "
DYER,IN,"$220,183.33 "
CLINTON,UT,"$274,608.33 "
NEW WINDSOR,NY,"$241,416.67 "
JEFFERSON,NJ,"$264,291.67 "
HURRICANE,WV,"$200,091.67 "
OXFORD,MI,"$248,550.00 "
CHAPIN,SC,"$239,475.00 "
IVES ESTATES,FL,"$168,741.67 "
DEL CITY,OK,"$71,791.67 "
GLEN MILLS,PA,"$412,266.67 "
MOUNTAIN BROOK,AL,"$542,483.33 "
DE SOTO,MO,"$138,391.67 "
KUNA,ID,"$230,291.67 "
TWENTYNINE PALMS,CA,"$121,500.00 "
SHOREWOOD,IL,"$229,058.33 "
FRANKLIN PARK,IL,"$207,250.00 "
SOMERS,NY,"$462,308.33 "
TUKWILA,WA,"$332,716.67 "
CAROL CITY,FL,"$258,841.67 "
MORRISON,CO,"$423,050.00 "
ARNOLD,MD,"$382,116.67 "
CHENEY,WA,"$246,825.00 "
WEST COLUMBIA,SC,"$123,691.67 "
BERLIN,CT,"$258,041.67 "
DALLAS,OR,"$279,325.00 "
CANAL WINCHESTER,OH,"$233,291.67 "
GOLDEN VALLEY,MN,"$308,508.33 "
WEST AND EAST LEALMAN,FL,"$128,966.67 "
EDGEWATER,MD,"$375,250.00 "
MURRYSVILLE,PA,"$226,258.33 "
LOVES PARK,IL,"$104,508.33 "
MINOOKA,IL,"$201,400.00 "
LA CANADA FLINTRIDGE,CA,"$1,815,050.00 "
SYOSSET,NY,"$696,975.00 "
LAWRENCEBURG,KY,"$136,916.67 "
WEIRTON,WV,"$82,233.33 "
STANWOOD,WA,"$402,775.00 "
LAKE PLACID,FL,"$138,741.67 "
NEW HOPE,MN,"$230,658.33 "
WESTERLY,RI,"$298,908.33 "
ENUMCLAW,WA,"$374,241.67 "
GREATER NORTHDALE,FL,"$234,650.00 "
LA PLATA,MD,"$314,100.00 "
LINO LAKES,MN,"$268,825.00 "
AVON LAKE,OH,"$216,100.00 "
PALISADES PARK,NJ,"$584,050.00 "
EAST RIDGE,TN,"$123,150.00 "
SOUTH SAINT PAUL,MN,"$209,266.67 "
FOUNTAIN INN,SC,"$172,758.33 "
SPARTA,NJ,"$337,775.00 "
LAFAYETTE,CO,"$465,900.00 "
CHEHALIS,WA,"$241,183.33 "
MILL CREEK,WA,"$566,858.33 "
DEERFIELD,IL,"$410,483.33 "
NEWPORT,RI,"$443,858.33 "
KEY WEST,FL,"$606,591.67 "
DEWITT,MI,"$209,458.33 "
PANAMA CITY BEACH,FL,"$285,875.00 "
MOUNT WASHINGTON,KY,"$191,691.67 "
THE DALLES,OR,"$230,933.33 "
PINCKNEY,MI,"$243,536.36 "
KERMAN,CA,"$250,410.00 "
ROSAMOND,CA,"$250,566.67 "
WALKER,LA,"$172,158.33 "
BLAIRSVILLE,GA,"$177,583.33 "
BERLIN,MD,"$250,925.00 "
BRAWLEY,CA,"$215,583.33 "
COPIAGUE,NY,"$343,308.33 "
MOUNT HOLLY,NC,"$186,108.33 "
LOUISVILLE,OH,"$138,908.33 "
UNION,KY,"$259,516.67 "
LEWISBURG,PA,"$196,408.33 "
CRESCENT CITY,CA,"$223,841.67 "
BUCKINGHAM,PA,"$487,716.67 "
PARMA HEIGHTS,OH,"$117,783.33 "
AUSTIN,MN,"$94,125.00 "
GRAND ISLAND,NY,"$212,341.67 "
PARRISH,FL,"$275,858.33 "
NEW CANAAN,CT,"$1,255,500.00 "
PENDLETON,OR,"$178,925.00 "
CRESTWOOD,KY,"$296,091.67 "
DENVER,NC,"$312,216.67 "
CORINTH,TX,"$273,491.67 "
SACHSE,TX,"$289,608.33 "
PELHAM,AL,"$189,875.00 "
HEALDSBURG,CA,"$829,516.67 "
CHEVY CHASE,MD,"$1,047,266.67 "
FAIRMONT,WV,"$127,666.67 "
FERNDALE,MI,"$167,200.00 "
ELMWOOD PARK,NJ,"$355,091.67 "
LOMITA,CA,"$629,950.00 "
HOPEWELL,NJ,"$429,075.00 "
PAYSON,AZ,"$259,991.67 "
BLOOMFIELD,CT,"$194,608.33 "
PENN,PA,"$184,300.00 "
HAZLET,NJ,"$324,716.67 "
HANAHAN,SC,"$228,458.33 "
MONTGOMERY,IL,"$183,191.67 "
MARQUETTE,MI,"$192,125.00 "
WAXHAW,NC,"$313,533.33 "
EVANS,CO,"$269,683.33 "
PERRY,GA,"$138,691.67 "
MOUNTLAKE TERRACE,WA,"$430,225.00 "
OJAI,CA,"$706,083.33 "
UNIVERSAL CITY,TX,"$185,925.00 "
HYATTSVILLE,MD,"$355,441.67 "
SOUTH MILWAUKEE,WI,"$153,933.33 "
RINCON,GA,"$176,783.33 "
LANSDALE,PA,"$228,708.33 "
FRESNO,TX,"$205,441.67 "
LATHROP,CA,"$409,425.00 "
NORTHFIELD,OH,"$174,183.33 "
AFFTON,MO,"$146,591.67 "
LYNDEN,WA,"$350,258.33 "
HAUGHTON,LA,"$183,533.33 "
MONROE,CT,"$334,375.00 "
HAINES CITY,FL,"$186,275.00 "
WEST SAINT PAUL,MN,"$211,091.67 "
BREVARD,NC,"$231,625.00 "
ERLANGER,KY,"$130,141.67 "
COLUMBIA HEIGHTS,MN,"$201,791.67 "
HUDSON,MA,"$335,358.33 "
ROCKY MOUNT,VA,"$146,333.33 "
WEST MIFFLIN,PA,"$93,658.33 "
OLDSMAR,FL,"$229,616.67 "
ROSEDALE,MD,"$193,941.67 "
BLOOMINGTON,CA,"$306,791.67 "
CONCORD,MA,"$898,141.67 "
NORTON,MA,"$340,916.67 "
CHATHAM,NJ,"$853,400.00 "
HEATH,OH,"$154,183.33 "
FORNEY,TX,"$226,058.33 "
NORWOOD,OH,"$136,775.00 "
LYNBROOK,NY,"$478,600.00 "
MONTVILLE,CT,"$187,966.67 "
CHOCTAW,OK,"$199,883.33 "
JACKSONVILLE BEACH,FL,"$304,166.67 "
LANHAM SEABROOK,MD,"$273,966.67 "
SOUTH WHITEHALL,PA,"$223,375.00 "
DEBARY,FL,"$211,383.33 "
PALM SPRINGS,FL,"$150,516.67 "
STEPHENS CITY,VA,"$234,341.67 "
BONAIRE,GA,"$178,616.67 "
EAST FALMOUTH,MA,"$362,250.00 "
ROCKY HILL,CT,"$213,633.33 "
BOURNE,MA,"$352,091.67 "
WENDELL,NC,"$195,983.33 "
SOUTHEAST,NY,"$297,700.00 "
UPPER SAINT CLAIR,PA,"$300,008.33 "
BETHEL,CT,"$309,975.00 "
GREENCASTLE,PA,"$185,325.00 "
MURPHY,NC,"$151,025.00 "
SHOW LOW,AZ,"$239,683.33 "
NIPOMO,CA,"$606,258.33 "
OREGON,OH,"$127,975.00 "
LINCOLNTON,NC,"$143,933.33 "
MANOR,PA,"$194,541.67 "
INDIANOLA,IA,"$184,100.00 "
WOODSTOCK,IL,"$166,050.00 "
PITTSBORO,NC,"$315,425.00 "
ANGIER,NC,"$183,133.33 "
LA CRESCENTA-MONTROSE,CA,"$913,233.33 "
WAPAKONETA,OH,"$121,858.33 "
EXETER,PA,"$177,566.67 "
ARDEN,NC,"$277,100.00 "
HOOD RIVER,OR,"$450,025.00 "
RAYMORE,MO,"$222,708.33 "
FOREST LAKE,MN,"$244,616.67 "
LOUISVILLE,CO,"$607,583.33 "
GLASSBORO,NJ,"$172,416.67 "
BROOKFIELD,IL,"$237,325.00 "
JASPER,GA,"$208,600.00 "
ANSONIA,CT,"$191,150.00 "
LITTLE RIVER,SC,"$153,466.67 "
OCONOMOWOC,WI,"$288,350.00 "
SOMERSET,MA,"$278,450.00 "
VERONA,WI,"$300,136.36 "
UPPER ALLEN,PA,"$200,008.33 "
WEST MELBOURNE,FL,"$240,516.67 "
ROCKY RIVER,OH,"$225,133.33 "
COVINGTON,WA,"$386,708.33 "
NEVADA CITY,CA,"$434,566.67 "
EVERGREEN PARK,IL,"$181,541.67 "
SAINT JOHNS,MI,"$142,641.67 "
ASHLAND,VA,"$282,100.00 "
WEAVERVILLE,NC,"$290,841.67 "
OAKTON,VA,"$669,925.00 "
HAWTHORNE,NJ,"$346,441.67 "
MT OLIVE,NJ,"$337,491.67 "
CORTLAND,NY,"$108,950.00 "
SHARPSBURG,GA,"$241,000.00 "
REPUBLIC,MO,"$151,975.00 "
LAKE WORTH CORRIDOR,FL,"$202,350.00 "
HYBLA VALLEY,VA,"$506,600.00 "
BERWICK,PA,"$94,066.67 "
TREDYFFRIN,PA,"$568,158.33 "
BAINBRIDGE ISLAND,WA,"$810,450.00 "
YANKTON,SD,"$185,200.00 "
CARLISLE,PA,"$150,058.33 "
MELVILLE,NY,"$611,183.33 "
CARENCRO,LA,"$153,275.00 "
PEWAUKEE,WI,"$294,633.33 "
MAPLE SHADE,NJ,"$148,233.33 "
BENSENVILLE,IL,"$208,308.33 "
HOLLY,MI,"$184,658.33 "
TAVARES,FL,"$189,408.33 "
MOUNTAIN HOME,ID,"$174,150.00 "
MATAWAN,NJ,"$337,983.33 "
MAYFIELD HEIGHTS,OH,"$134,750.00 "
BROOK PARK,OH,"$125,091.67 "
SPRING,PA,"$202,133.33 "
PINOLE,CA,"$564,108.33 "
GUYTON,GA,"$182,225.00 "
TRUCKEE,CA,"$640,625.00 "
LIMERICK,PA,"$275,483.33 "
BEREA,OH,"$138,466.67 "
FOREST PARK,OH,"$116,841.67 "
LOGAN,OH,"$121,600.00 "
MONROE,NY,"$307,525.00 "
EAST MOLINE,IL,"$100,566.67 "
BELLWOOD,IL,"$149,208.33 "
CINCO RANCH,TX,"$344,875.00 "
HARRISON,OH,"$163,483.33 "
BETHANY,OK,"$119,166.67 "
SECAUCUS,NJ,"$410,775.00 "
ALPINE,CA,"$606,975.00 "
KINGSLAND,GA,"$125,500.00 "
BIG LAKE,MN,"$227,400.00 "
PACE,FL,"$198,033.33 "
GAYLORD,MI,"$128,416.67 "
BELGRADE,MT,"$292,741.67 "
NEW CUMBERLAND,PA,"$172,150.00 "
BYRON,GA,"$143,300.00 "
HERMOSA BEACH,CA,"$1,680,400.00 "
WILTON,CT,"$715,308.33 "
CHICKAMAUGA,GA,"$134,575.00 "
TRENTON,MI,"$142,158.33 "
PRINEVILLE,OR,"$229,258.33 "
WESTBOROUGH,MA,"$454,616.67 "
DOVER,NJ,"$245,875.00 "
MCKINLEYVILLE,CA,"$330,658.33 "
RED WING,MN,"$184,850.00 "
GARFIELD,MI,"$235,875.00 "
FLUSHING,MI,"$140,241.67 "
HAMPTON,PA,"$236,933.33 "
FILLMORE,CA,"$458,475.00 "
LUSBY,MD,"$212,875.00 "
POINT PLEASANT,NJ,"$368,466.67 "
SANTA FE SPRINGS,CA,"$497,325.00 "
ORINDA,CA,"$1,416,650.00 "
BEDFORD,VA,"$147,691.67 "
SHERRELWOOD,CO,"$306,550.00 "
EAST PEORIA,IL,"$122,491.67 "
CLACKAMAS,OR,"$407,183.33 "
FLETCHER,NC,"$264,425.00 "
LOWER ALLEN,PA,"$182,541.67 "
PALMYRA,VA,"$211,833.33 "
GREENVILLE,MI,"$139,525.00 "
RUTHERFORD,NJ,"$469,658.33 "
WHEATFIELD,NY,"$215,983.33 "
EASTLAKE,OH,"$109,083.33 "
ALTOONA,IA,"$197,275.00 "
MUHLENBERG,PA,"$158,891.67 "
ROTTERDAM,NY,"$164,675.00 "
FOREST HILL,MD,"$313,600.00 "
AVON,CT,"$386,958.33 "
ALLEGAN,MI,"$135,500.00 "
SANDY,OR,"$335,975.00 "
EXTON,PA,"$344,991.67 "
BRYANT,AR,"$158,516.67 "
MASON,MI,"$159,950.00 "
CONCORD,OH,"$220,425.00 "
HOLDEN,MA,"$295,200.00 "
GRAFTON,MA,"$342,025.00 "
ERIE,CO,"$472,158.33 "
SEMMES,AL,"$142,941.67 "
PROSPECT,KY,"$428,858.33 "
MURPHY,TX,"$375,466.67 "
PEMBROKE,MA,"$375,341.67 "
SHARON,MA,"$518,491.67 "
COLLINSVILLE,OK,"$165,741.67 "
FARMINGVILLE,NY,"$330,950.00 "
DUMONT,NJ,"$376,741.67 "
EAST GREENBUSH,NY,"$194,866.67 "
OGDEN,NY,"$162,733.33 "
PRINCETON,MN,"$205,225.00 "
TIPP CITY,OH,"$183,625.00 "
VINTON,VA,"$157,458.33 "
WINDSOR,PA,"$181,033.33 "
TUMWATER,WA,"$297,650.00 "
TINTON FALLS,NJ,"$285,733.33 "
WAUKEE,IA,"$260,183.33 "
SOUTH HADLEY,MA,"$232,483.33 "
EFFINGHAM,IL,"$155,600.00 "
HOMEWOOD,IL,"$148,975.00 "
PURCELLVILLE,VA,"$507,116.67 "
PEYTON,CO,"$322,108.33 "
STEAMBOAT SPRINGS,CO,"$484,083.33 "
CUDAHY,WI,"$153,366.67 "
YULEE,FL,"$209,716.67 "
CLIVE,IA,"$278,483.33 "
SAFFORD,AZ,"$147,333.33 "
FLORAL PARK,NY,"$597,775.00 "
GOFFSTOWN,NH,"$247,775.00 "
KINGS PARK,NY,"$452,600.00 "
RIPON,CA,"$479,550.00 "
DELHI,MI,"$196,041.67 "
CREVE COEUR,MO,"$336,941.67 "
NEWBURYPORT,MA,"$526,491.67 "
MADISON,CT,"$407,791.67 "
ROSEDALE,CA,"$397,116.67 "
PLAINVILLE,CT,"$175,400.00 "
GROTON,CT,"$204,858.33 "
FRANKFORT,IL,"$349,283.33 "
ANACORTES,WA,"$449,766.67 "
GRAND RAPIDS,MI,"$285,100.00 "
SELAH,WA,"$247,441.67 "
COPLEY,OH,"$200,775.00 "
CEDAR SPRINGS,MI,"$173,158.33 "
DOVER,OH,"$124,458.33 "
TALLMADGE,OH,"$162,333.33 "
COTTAGE GROVE,OR,"$231,866.67 "
THREE RIVERS,MI,"$119,708.33 "
ROCKLAND,MA,"$333,041.67 "
BON AIR,VA,"$227,591.67 "
BUDA,TX,"$266,741.67 "
ROSCOE,IL,"$176,483.33 "
ROSE HILL,VA,"$510,608.33 "
LEXINGTON,TN,"$102,583.33 "
GRIFFITH,IN,"$154,925.00 "
LA GRANGE,NY,"$277,516.67 "
LA VISTA,NE,"$169,483.33 "
ANGOLA,IN,"$169,741.67 "
SUITLAND-SILVER HILL,MD,"$199,041.67 "
SAINT JOSEPH,MI,"$196,200.00 "
HUTCHINSON,MN,"$165,075.00 "
ASHLAND,MA,"$389,083.33 "
MUKILTEO,WA,"$550,616.67 "
SAINT HELENS,OR,"$277,366.67 "
LOWELL,IN,"$183,716.67 "
GLENVAR HEIGHTS,FL,"$242,841.67 "
WATKINSVILLE,GA,"$268,541.67 "
RIVERBANK,CA,"$316,700.00 "
MANCHESTER,PA,"$191,458.33 "
FOXBOROUGH,MA,"$419,483.33 "
STERLING,CO,"$148,808.33 "
ANOKA,MN,"$221,125.00 "
SUSQUEHANNA,PA,"$154,508.33 "
SEVIERVILLE,TN,"$182,341.67 "
MANCHESTER,MO,"$225,883.33 "
DANVILLE,IN,"$182,025.00 "
SCOTT,PA,"$160,325.00 "
OKATIE,SC,"$264,950.00 "
OVERLAND,MO,"$83,783.33 "
ALAMO,CA,"$1,632,550.00 "
STILLWATER,MN,"$303,175.00 "
MILFORD,DE,"$188,358.33 "
CORNING,NY,"$110,241.67 "
WYCKOFF,NJ,"$662,100.00 "
KENSINGTON,MD,"$577,875.00 "
PENDLETON,IN,"$174,850.00 "
MADISON HEIGHTS,VA,"$131,750.00 "
CEDARBURG,WI,"$338,016.67 "
SOUTH ORANGE,NJ,"$620,266.67 "
ASTON,PA,"$234,883.33 "
NORTH DRUID HILLS,GA,"$406,775.00 "
PALM RIVER-CLAIR MEL,FL,"$134,050.00 "
MORTON,IL,"$183,075.00 "
HARRISBURG,NC,"$276,491.67 "
SPRINGFIELD,NJ,"$413,108.33 "
BRIDGEVIEW,IL,"$169,850.00 "
LUGOFF,SC,"$147,783.33 "
PICKENS,SC,"$144,500.00 "
BUCKLEY,WA,"$358,016.67 "
COOLIDGE,AZ,"$134,100.00 "
BROOKFIELD,CT,"$350,766.67 "
MORAGA,CA,"$1,036,618.18 "
ASTORIA,OR,"$279,141.67 "
MESQUITE,NV,"$230,075.00 "
HOCKLEY,TX,"$228,450.00 "
BUTLER,PA,"$164,083.33 "
AMESBURY,MA,"$317,475.00 "
MOUNTAIN TOP,PA,"$185,908.33 "
CONCORD,MO,"$202,266.67 "
LAKE ZURICH,IL,"$319,533.33 "
WEBSTER,MA,"$240,966.67 "
BELLINGHAM,MA,"$311,850.00 "
DENVILLE,NJ,"$378,516.67 "
JOHNSTON,IA,"$243,825.00 "
BONITA,CA,"$670,091.67 "
KING,NC,"$137,183.33 "
LOWELL,MI,"$206,766.67 "
SETAUKET,NY,"$453,650.00 "
EATON,OH,"$128,466.67 "
CORTLAND,OH,"$129,216.67 "
HELENA,AL,"$193,641.67 "
LEMAY,MO,"$98,266.67 "
SUNSET,FL,"$393,566.67 "
DELRAN,NJ,"$227,066.67 "
DALLAS,NC,"$141,850.00 "
FRANKLIN,NJ,"$163,341.67 "
NEW MILFORD,NJ,"$403,525.00 "
HANOVER,MD,"$365,258.33 "
SOUTHBRIDGE,MA,"$194,558.33 "
HEBRON,KY,"$225,208.33 "
WEST NORRITON,PA,"$188,333.33 "
WEST HEMPFIELD,PA,"$199,533.33 "
HAZEL PARK,MI,"$80,291.67 "
GARDEN CITY,ID,"$328,716.67 "
HOLMDEL,NJ,"$668,858.33 "
MONTEVALLO,AL,"$143,100.00 "
PIQUA,OH,"$85,675.00 "
CINNAMINSON,NJ,"$239,083.33 "
HOSCHTON,GA,"$298,825.00 "
GIBSONTON,FL,"$184,958.33 "
SWANSEA,MA,"$267,741.67 "
WILLOW SPRING,NC,"$216,391.67 "
THREE LAKES,FL,"$291,118.18 "
CLARKSBURG,MD,"$416,066.67 "
FAIRVIEW PARK,OH,"$169,750.00 "
DURANT,OK,"$115,050.00 "
EAST BRAINERD,TN,"$236,675.00 "
BETHLEHEM,PA,"$256,458.33 "
SARATOGA SPRINGS,UT,"$343,241.67 "
RIO RICO,AZ,"$140,533.33 "
KINGSBURG,CA,"$272,800.00 "
ASHWAUBENON,WI,"$185,783.33 "
HOPKINTON,MA,"$560,118.18 "
AUBURN,MA,"$253,525.00 "
NORTH BABYLON,NY,"$365,183.33 "
SEYMOUR,CT,"$218,233.33 "
HAVRE DE GRACE,MD,"$239,866.67 "
PHOENIXVILLE,PA,"$233,125.00 "
LEONARDTOWN,MD,"$334,600.00 "
GREENE,PA,"$175,808.33 "
RANDLEMAN,NC,"$141,550.00 "
SOUTH RIVER,NJ,"$244,858.33 "
DELAFIELD,WI,"$414,233.33 "
PALOS HILLS,IL,"$155,091.67 "
COMMERCE,GA,"$146,966.67 "
NORTHBRIDGE,MA,"$286,725.00 "
PORTLAND,TX,"$185,441.67 "
JOPPA,MD,"$228,191.67 "
BURRILLVILLE,RI,"$242,125.00 "
BELVEDERE PARK,GA,"$156,350.00 "
ABINGTON,MA,"$353,016.67 "
MAITLAND,FL,"$326,216.67 "
HAMPSTEAD,MD,"$261,250.00 "
LEDYARD,CT,"$213,141.67 "
GREENFIELD,IN,"$148,041.67 "
BENSON,NC,"$155,766.67 "
HERMITAGE,PA,"$129,216.67 "
BURTONSVILLE,MD,"$323,225.00 "
COLCHESTER,CT,"$256,958.33 "
TEXAS,MI,"$321,825.00 "
HIGHLAND,MI,"$248,233.33 "
BRIGHAM CITY,UT,"$222,008.33 "
BEVERLY HILLS,FL,"$104,383.33 "
EAST LONGMEADOW,MA,"$280,416.67 "
LACONIA,NH,"$192,341.67 "
RIDGEFIELD,WA,"$437,477.78 "
WARREN,NJ,"$731,833.33 "
EASTHAMPTON,MA,"$255,416.67 "
PERKASIE,PA,"$281,800.00 "
HOLLAND,OH,"$204,225.00 "
ADAIRSVILLE,GA,"$140,650.00 "
NORTH ARLINGTON,NJ,"$355,300.00 "
GOODLETTSVILLE,TN,"$222,775.00 "
LAGUNA WOODS,CA,"$351,508.33 "
WIXOM,MI,"$244,208.33 "
MIDDLETOWN,RI,"$380,433.33 "
CAMILLUS,NY,"$156,650.00 "
HERNANDO,FL,"$187,991.67 "
PLANO,IL,"$166,966.67 "
PENN,PA,"$154,566.67 "
OXFORD,AL,"$117,425.00 "
FRANKLINTON,NC,"$193,900.00 "
PROSPER,TX,"$423,066.67 "
MUKWONAGO,WI,"$266,833.33 "
WATERFORD,CT,"$226,575.00 "
FORT LUPTON,CO,"$306,050.00 "
PORT WASHINGTON,NY,"$841,466.67 "
ASBURY PARK,NJ,"$308,916.67 "
ALACHUA,FL,"$199,333.33 "
LONGMEADOW,MA,"$325,183.33 "
DEATSVILLE,AL,"$180,091.67 "
GROSSE POINTE WOODS,MI,"$232,391.67 "
CORTEZ,CO,"$170,675.00 "
DRIPPING SPRINGS,TX,"$436,066.67 "
AMHERST,OH,"$159,583.33 "
CRYSTAL RIVER,FL,"$142,291.67 "
MIDDLETON,WI,"$306,591.67 "
NORTH READING,MA,"$441,716.67 "
MADISON,NJ,"$729,941.67 "
MIDDLEBURG HEIGHTS,OH,"$149,941.67 "
MANASSAS PARK,VA,"$288,858.33 "
CAMBRIDGE,MN,"$199,700.00 "
AURORA,OH,"$278,016.67 "
WESTCHESTER,IL,"$240,100.00 "
STONY POINT,NY,"$383,316.67 "
PALMETTO ESTATES,FL,"$296,591.67 "
CRETE,IL,"$162,575.00 "
ORTING,WA,"$322,283.33 "
SUFFIELD,CT,"$268,275.00 "
MOLALLA,OR,"$318,975.00 "
DAVIDSON,NC,"$340,700.00 "
TRENTON,OH,"$149,300.00 "
ELLINGTON,CT,"$236,966.67 "
CORDOVA,TN,"$206,533.33 "
RUTHER GLEN,VA,"$197,508.33 "
BRYN MAWR-SKYWAY,WA,"$445,633.33 "
WHITEWATER,WI,"$194,375.00 "
BOULDER CITY,NV,"$302,458.33 "
WHITEMARSH,PA,"$390,308.33 "
GLENWOOD SPRINGS,CO,"$485,341.67 "
NESCONSET,NY,"$450,291.67 "
HALF MOON BAY,CA,"$1,165,891.67 "
ORLAND,CA,"$253,350.00 "
LAKE SAINT LOUIS,MO,"$225,825.00 "
FORKS,PA,"$245,508.33 "
HIGHLAND VILLAGE,TX,"$391,616.67 "
GODFREY,IL,"$126,641.67 "
PAWLEYS ISLAND,SC,"$263,116.67 "
NORTH EAST,MD,"$237,058.33 "
SATELLITE BEACH,FL,"$298,866.67 "
MONTGOMERY,NY,"$245,283.33 "
HARTWELL,GA,"$169,583.33 "
LAUREL,VA,"$184,425.00 "
MIDLOTHIAN,IL,"$128,233.33 "
HANOVER,PA,"$147,366.67 "
THOMPSONS STATION,TN,"$339,600.00 "
HOT SPRINGS VILLAGE,AR,"$162,141.67 "
PAYSON,UT,"$256,175.00 "
DEPEW,NY,"$134,183.33 "
DEXTER,MI,"$319,725.00 "
WORTHINGTON,OH,"$299,341.67 "
GLEN CARBON,IL,"$207,091.67 "
WESTBURY,NY,"$446,891.67 "
FOWLERVILLE,MI,"$186,558.33 "
HICKORY HILLS,IL,"$196,283.33 "
SANGER,TX,"$219,333.33 "
KAUKAUNA,WI,"$144,500.00 "
COLUMBIA,IL,"$196,258.33 "
EATON RAPIDS,MI,"$133,283.33 "
WINDSOR,CO,"$399,208.33 "
MILFORD,NH,"$257,191.67 "
LOOMIS,CA,"$577,633.33 "
SPRINGTOWN,TX,"$225,433.33 "
SCITUATE,MA,"$573,641.67 "
NORTH LIBERTY,IA,"$211,958.33 "
NORTH CANTON,OH,"$141,150.00 "
NOKOMIS,FL,"$316,266.67 "
CHURCH HILL,TN,"$126,991.67 "
ASHLAND CITY,TN,"$164,458.33 "
LOWELL,AR,"$188,933.33 "
OCEAN ACRES,NJ,"$233,691.67 "
RAMSEY,NJ,"$492,000.00 "
COTTONWOOD,CA,"$243,541.67 "
HUNTINGTOWN,MD,"$415,858.33 "
CLIFTON,VA,"$688,716.67 "
SILVERTON,OR,"$305,991.67 "
CREST HILL,IL,"$165,483.33 "
HIGHLAND,IL,"$143,391.67 "
HARRISONVILLE,MO,"$155,891.67 "
TOLLAND,CT,"$255,108.33 "
BROUSSARD,LA,"$199,591.67 "
WELBY,CO,"$256,250.00 "
TIVERTON,RI,"$309,475.00 "
PALMER,PA,"$223,125.00 "
FAIRHAVEN,MA,"$279,691.67 "
SILVER SPRING,PA,"$272,816.67 "
PAW PAW,MI,"$135,708.33 "
BELLEVUE,WI,"$204,425.00 "
EAST PENNSBORO,PA,"$194,883.33 "
SOUTH FAYETTE,PA,"$221,350.00 "
BERKLEY,MI,"$217,133.33 "
GRAFTON,WI,"$264,725.00 "
NORTHBOROUGH,MA,"$414,675.00 "
WHITE CENTER,WA,"$435,458.33 "
BLACK FOREST,CO,"$544,566.67 "
PACIFIC GROVE,CA,"$892,809.09 "
MONROE,WI,"$147,241.67 "
CARY,IL,"$209,008.33 "
BLACK MOUNTAIN,NC,"$269,933.33 "
WAUPACA,WI,"$139,833.33 "
SALEM,WI,"$199,863.64 "
PROSSER,WA,"$226,633.33 "
HERSHEY,PA,"$235,516.67 "
SMITHFIELD,RI,"$246,758.33 "
WHITMAN,MA,"$316,866.67 "
BELCHERTOWN,MA,"$259,433.33 "
RIO LINDA,CA,"$298,041.67 "
ABERDEEN,NC,"$158,983.33 "
MANORVILLE,NY,"$354,950.00 "
NEWBERRY,PA,"$179,066.67 "
GREENBRIER,AR,"$151,108.33 "
BELMONT,MI,"$263,200.00 "
EAST HIGHLAND PARK,VA,"$140,433.33 "
LITTLEROCK,CA,"$274,783.33 "
LIVE OAK,TX,"$175,250.00 "
OLYMPIA HEIGHTS,FL,"$364,216.67 "
BEDFORD,MA,"$669,191.67 "
OAK PARK,CA,"$810,008.33 "
WIMAUMA,FL,"$245,958.33 "
WARWICK,PA,"$377,583.33 "
FRUITA,CO,"$278,066.67 "
FRASER,MI,"$145,833.33 "
KINGSTON,TN,"$167,750.00 "
CARMEL-BY-THE-SEA,CA,"$1,386,108.33 "
EAGLE POINT,OR,"$289,908.33 "
EAST NORRITON,PA,"$236,566.67 "
SEEKONK,MA,"$315,575.00 "
LOS OSOS,CA,"$573,483.33 "
DESTIN,FL,"$346,066.67 "
SAFETY HARBOR,FL,"$275,933.33 "
SOUTH OGDEN,UT,"$226,841.67 "
PHILLIPSBURG,NJ,"$74,958.33 "
EXETER,NH,"$336,800.00 "
GLENS FALLS,NY,"$143,925.00 "
HADDON,NJ,"$228,083.33 "
WILBRAHAM,MA,"$280,275.00 "
WILMINGTON ISLAND,GA,"$266,316.67 "
NEW RIVER,AZ,"$398,275.00 "
SCOTTS VALLEY,CA,"$897,166.67 "
VANDALIA,OH,"$134,141.67 "
WARRENVILLE,IL,"$205,133.33 "
BRANDYWINE,MD,"$305,533.33 "
MALTA,NY,"$262,116.67 "
MIAMI SPRINGS,FL,"$369,975.00 "
HASTINGS,MN,"$214,725.00 "
ROBBINSDALE,MN,"$218,625.00 "
LAFAYETTE,TN,"$110,916.67 "
ADVANCE,NC,"$218,641.67 "
CALERA,AL,"$147,533.33 "
PARADISE VALLEY,AZ,"$1,590,200.00 "
UNIONTOWN,OH,"$188,116.67 "
CLARK,NJ,"$434,066.67 "
HANOVER,MA,"$515,150.00 "
HARRISON,TN,"$189,583.33 "
ALDIE,VA,"$478,741.67 "
LONE TREE,CO,"$601,916.67 "
HANOVER,NJ,"$473,408.33 "
NORTH NEW HYDE PARK,NY,"$674,383.33 "
LOCUST GROVE,VA,"$240,408.33 "
KEARNEY,MO,"$250,208.33 "
NEW FRANKLIN,OH,"$147,525.00 "
FORT HUNT,VA,"$666,558.33 "
DELAVAN,WI,"$164,083.33 "
BRASELTON,GA,"$258,700.00 "
HOOKSETT,NH,"$268,425.00 "
WINDHAM,NH,"$424,233.33 "
NORTH STRABANE,PA,"$241,791.67 "
HUGO,MN,"$220,850.00 "
EAST BRIDGEWATER,MA,"$353,933.33 "
WILLOW GROVE,PA,"$258,208.33 "
MARSHALL,MI,"$145,125.00 "
TUCKAHOE,VA,"$262,641.67 "
DENVER,PA,"$192,708.33 "
DUXBURY,MA,"$635,425.00 "
HOLLISTON,MA,"$437,908.33 "
AUBURN,GA,"$166,708.33 "
IMPERIAL,CA,"$259,150.00 "
WEST PARK,FL,"$207,858.33 "
HAZEL CREST,IL,"$95,508.33 "
WILLOWICK,OH,"$119,166.67 "
PALOS HEIGHTS,IL,"$260,308.33 "
NORTH BEND,WA,"$557,016.67 "
HARVARD,IL,"$128,833.33 "
KILLEN,AL,"$152,180.00 "
GRAFTON,OH,"$158,008.33 "
CANBY,OR,"$361,516.67 "
HORIZON CITY,TX,"$122,275.00 "
NARRAGANSETT,RI,"$436,991.67 "
COWETA,OK,"$145,850.00 "
DENNIS,MA,"$340,466.67 "
BRECKSVILLE,OH,"$255,441.67 "
SADDLE BROOK,NJ,"$368,591.67 "
KILLINGLY,CT,"$200,275.00 "
COTO DE CAZA,CA,"$1,195,658.33 "
WOOD DALE,IL,"$218,441.67 "
CREEDMOOR,NC,"$205,041.67 "
GATES,NY,"$120,008.33 "
REX,GA,"$124,283.33 "
ALLOUEZ,WI,"$169,208.33 "
DAMASCUS,MD,"$354,316.67 "
WYNNEWOOD,PA,"$413,041.67 "
VERMILION,OH,"$131,641.67 "
WEST RICHLAND,WA,"$311,133.33 "
SPANISH FORT,AL,"$260,108.33 "
HARPER WOODS,MI,"$80,583.33 "
OWENS CROSS ROADS,AL,"$238,158.33 "
YOUNGSVILLE,NC,"$220,300.00 "
BELLEVIEW,FL,"$124,216.67 "
OXFORD,MA,"$240,333.33 "
WESTLAKE VILLAGE,CA,"$1,003,758.33 "
NEW FAIRFIELD,CT,"$342,466.67 "
MIDDLESEX,NJ,"$276,016.67 "
PATASKALA,OH,"$210,016.67 "
GOSHEN,NY,"$288,150.00 "
DARDENNE PRAIRIE,MO,"$292,041.67 "
WHITE HOUSE,TN,"$218,216.67 "
LOUISA,VA,"$181,216.67 "
SPRING CREEK,NV,"$237,300.00 "
LITTLE FALLS,NJ,"$327,250.00 "
BARRINGTON,RI,"$462,000.00 "
WILLIAMSTOWN,NJ,"$155,616.67 "
LYNDHURST,OH,"$132,050.00 "
MIDDLE ISLAND,NY,"$237,433.33 "
UXBRIDGE,MA,"$298,458.33 "
GREENDALE,WI,"$228,616.67 "
MASHPEE,MA,"$381,183.33 "
LONG VALLEY,NJ,"$418,725.00 "
WHITMORE LAKE,MI,"$237,025.00 "
MOORE,SC,"$170,125.00 "
STANFORD,KY,"$124,433.33 "
MARBLEHEAD,MA,"$609,116.67 "
METUCHEN,NJ,"$394,800.00 "
APOLLO BEACH,FL,"$260,800.00 "
SPRING LAKE,MI,"$230,000.00 "
LA GRANGE PARK,IL,"$333,250.00 "
SIKESTON,MO,"$129,191.67 "
ROBINSON,PA,"$204,325.00 "
LEBANON,NH,"$243,758.33 "
GROVER BEACH,CA,"$516,225.00 "
CHARLTON,MA,"$270,650.00 "
RED OAK,TX,"$227,483.33 "
CONWAY,FL,"$247,958.33 "
CALEDONIA,MI,"$268,983.33 "
SUPERIOR,MI,"$211,850.00 "
WHITEHALL,PA,"$164,883.33 "
CHESTER SPRINGS,PA,"$440,833.33 "
DUNCAN,SC,"$178,333.33 "
GRETNA,NE,"$254,175.00 "
MIDDLE VALLEY,TN,"$180,325.00 "
BISHOP,CA,"$391,200.00 "
CLAYTON,CA,"$756,466.67 "
MANHASSET,NY,"$1,463,233.33 "
NORTH AURORA,IL,"$240,816.67 "
ROSELLE PARK,NJ,"$249,150.00 "
NORTH PALM BEACH,FL,"$314,050.00 "
TOWN AND COUNTRY,MO,"$632,975.00 "
ORTONVILLE,MI,"$252,891.67 "
EAST RIVERDALE,MD,"$258,316.67 "
CHELSEA,MI,"$257,158.33 "
LINCOLN,MI,"$236,583.33 "
LULING,LA,"$215,225.00 "
CHEBOYGAN,MI,"$91,533.33 "
SWEET HOME,OR,"$195,075.00 "
LOWER MORELAND,PA,"$366,916.67 "
BALL GROUND,GA,"$241,266.67 "
HUMMELSTOWN,PA,"$201,058.33 "
REEDSBURG,WI,"$157,408.33 "
COLONIAL PARK,PA,"$152,200.00 "
MEDWAY,MA,"$416,775.00 "
MARCO ISLAND,FL,"$552,675.00 "
VADNAIS HEIGHTS,MN,"$230,133.33 "
CLINTON,NJ,"$396,641.67 "
OAKLAND,NJ,"$444,791.67 "
BURLINGTON,WA,"$299,608.33 "
RIDGEFIELD PARK,NJ,"$347,000.00 "
WESTON,WI,"$174,633.33 "
VERONA,NJ,"$467,666.67 "
THURMONT,MD,"$235,375.00 "
NEW ALBANY,OH,"$473,541.67 "
CAVE CREEK,AZ,"$520,825.00 "
VALLEY SPRINGS,CA,"$324,700.00 "
NEW PALESTINE,IN,"$247,641.67 "
KETTERING,MD,"$248,333.33 "
RIVER RIDGE,LA,"$243,950.00 "
FALLSTON,MD,"$387,750.00 "
CORNELIUS,OR,"$319,766.67 "
VIENNA,MI,"$130,916.67 "
EAST HAMPTON,CT,"$232,400.00 "
EAST GREENWICH,RI,"$454,108.33 "
NORTH BRANCH,MN,"$221,608.33 "
FRUITLAND PARK,FL,"$183,041.67 "
HOPEWELL,PA,"$118,908.33 "
CROWLEY,TX,"$186,183.33 "
SHORT HILLS,NJ,"$1,409,350.00 "
RIFLE,CO,"$262,841.67 "
GLENDALE,WI,"$196,475.00 "
BRIDGETOWN,OH,"$124,158.33 "
BEDFORD,OH,"$74,200.00 "
TIMBERWOOD PARK,TX,"$339,483.33 "
JEFFERSON CITY,TN,"$136,225.00 "
PERRY HALL,MD,"$292,091.67 "
SALISBURY,NY,"$495,800.00 "
WICKLIFFE,OH,"$103,441.67 "
ESCALON,CA,"$389,958.33 "
BLUE ASH,OH,"$256,383.33 "
JUNCTION CITY,OR,"$273,225.00 "
WOODMERE,NY,"$721,966.67 "
CHINO VALLEY,AZ,"$283,641.67 "
FORTUNA,CA,"$293,608.33 "
WOODHAVEN,MI,"$160,283.33 "
BAY VILLAGE,OH,"$236,725.00 "
SOUTH DAYTONA,FL,"$157,316.67 "
NEWTOWN,PA,"$446,591.67 "
SAINT JOHN,IN,"$300,208.33 "
MEDFIELD,MA,"$654,658.33 "
RED BANK,TN,"$156,133.33 "
MIDDLETOWN,MD,"$332,466.67 "
ELMA,NY,"$259,675.00 "
HUEYTOWN,AL,"$88,166.67 "
NORTH BEND,OR,"$218,641.67 "
CHESTERTON,IN,"$206,366.67 "
SANDSTON,VA,"$170,391.67 "
WINDSOR LOCKS,CT,"$171,333.33 "
NEWMAN,CA,"$282,408.33 "
WOODLAND PARK,CO,"$346,691.67 "
FORT GRATIOT,MI,"$147,575.00 "
WESTERN SPRINGS,IL,"$571,791.67 "
GLADSTONE,OR,"$353,116.67 "
GLENPOOL,OK,"$140,016.67 "
CRAIG,CO,"$176,708.33 "
PRINCE FREDERICK,MD,"$326,658.33 "
NEWPORT,OR,"$293,475.00 "
NEW BALTIMORE,MI,"$223,908.33 "
MOGADORE,OH,"$152,708.33 "
LECANTO,FL,"$190,716.67 "
MADISONVILLE,LA,"$282,783.33 "
GRIMES,IA,"$219,883.33 "
LAKELAND HIGHLANDS,FL,"$241,825.00 "
NORTH SMITHFIELD,RI,"$299,408.33 "
FINKSBURG,MD,"$379,866.67 "
EAST WENATCHEE,WA,"$326,708.33 "
SOMERVILLE,NJ,"$290,091.67 "
SANDWICH,MA,"$367,216.67 "
PALOS VERDES ESTATES,CA,"$1,747,391.67 "
ELIZABETH,CO,"$476,911.11 "
SAINT MARYS,OH,"$110,783.33 "
WEDDINGTON,NC,"$577,733.33 "
JERICHO,NY,"$811,933.33 "
MIAMI SHORES,FL,"$515,200.00 "
HARRAH,OK,"$136,266.67 "
SOLDOTNA,AK,"$238,700.00 "
NORTON,OH,"$136,518.18 "
OSCEOLA,IN,"$176,566.67 "
ARLINGTON,TN,"$247,575.00 "
DEFIANCE,OH,"$88,975.00 "
MIMS,FL,"$223,966.67 "
WOODBURY,NY,"$308,708.33 "
INWOOD,WV,"$177,500.00 "
JOHNSTOWN,OH,"$196,691.67 "
BROWN DEER,WI,"$161,341.67 "
WESTWOOD LAKE,FL,"$344,041.67 "
FELTON,DE,"$199,883.33 "
RIVERVIEW,MI,"$142,058.33 "
WAYLAND,MI,"$181,116.67 "
SUPERIOR,CO,"$526,775.00 "
DRUID HILLS,GA,"$561,708.33 "
ISANTI,MN,"$209,791.67 "
CLAWSON,MI,"$191,408.33 "
WILLOWBROOK,IL,"$180,466.67 "
MONROE,OH,"$191,341.67 "
RIDGE,NY,"$258,858.33 "
CALIMESA,CA,"$330,441.67 "
GULFPORT,FL,"$197,016.67 "
LEWISVILLE,NC,"$203,791.67 "
PEPPERELL,MA,"$322,333.33 "
LAKESIDE,VA,"$186,641.67 "
KINGSTON,WA,"$404,383.33 "
CAMPTON HILLS,IL,"$409,325.00 "
WACONIA,MN,"$312,141.67 "
GLEN ROCK,NJ,"$625,875.00 "
PORT WASHINGTON,WI,"$216,708.33 "
SUMNER,WA,"$341,916.67 "
WILTON MANORS,FL,"$362,833.33 "
WESTON,MA,"$1,477,791.67 "
SAINT ANN,MO,"$81,141.67 "
GREENSBORO,GA,"$404,616.67 "
KEYSTONE HEIGHTS,FL,"$148,783.33 "
NORTHLAKE,IL,"$178,100.00 "
WINFIELD,IL,"$295,583.33 "
NEW MARKET,MD,"$378,350.00 "
UPPER,NJ,"$260,616.67 "
WHITE CITY,OR,"$224,016.67 "
SCHODACK,NY,"$222,591.67 "
GREENBRIER,TN,"$207,333.33 "
BEEBE,AR,"$109,516.67 "
MONETA,VA,"$319,266.67 "
SORRENTO,FL,"$251,333.33 "
WINNETKA,IL,"$963,958.33 "
CANYON LAKE,CA,"$449,416.67 "
CLAY,NY,"$152,641.67 "
CHESTERTOWN,MD,"$227,633.33 "
PONTE VEDRA,FL,"$342,216.67 "
CAMANO ISLAND,WA,"$420,208.33 "
GRAND TERRACE,CA,"$358,933.33 "
GUTTENBERG,NJ,"$325,450.00 "
LAKELAND,TN,"$286,483.33 "
JAMESTOWN,ND,"$155,066.67 "
MARSHVILLE,NC,"$155,475.00 "
FAIRVIEW,TN,"$266,141.67 "
SARTELL,MN,"$218,900.00 "
BLUE RIDGE,GA,"$233,608.33 "
EAST BETHEL,MN,"$256,275.00 "
DAMASCUS,OR,"$475,783.33 "
COARSEGOLD,CA,"$293,591.67 "
ROSARYVILLE,MD,"$320,591.67 "
ENGLEWOOD,OH,"$134,908.33 "
COCOA BEACH,FL,"$275,816.67 "
SAINT JAMES,NY,"$433,575.00 "
DUVALL,WA,"$630,541.67 "
GRAHAM,NC,"$140,816.67 "
EAST GRAND RAPIDS,MI,"$371,175.00 "
MOODY,AL,"$164,600.00 "
WILMINGTON,IL,"$142,825.00 "
RAPHO,PA,"$257,083.33 "
BELLMAWR,NJ,"$139,825.00 "
LIBERTY HILL,TX,"$271,050.00 "
FARMINGTON,NY,"$163,983.33 "
MOUNT SINAI,NY,"$431,025.00 "
SNOQUALMIE,WA,"$656,725.00 "
SOLANA BEACH,CA,"$1,203,108.33 "
SANDWICH,IL,"$185,008.33 "
MAULDIN,SC,"$167,116.67 "
EATONTOWN,NJ,"$316,750.00 "
BIG BEAR CITY,CA,"$234,375.00 "
ROY,WA,"$370,925.00 "
ELLENTON,FL,"$266,033.33 "
ATOKA,TN,"$200,050.00 "
MAGNOLIA,DE,"$257,358.33 "
LEBANON,OR,"$215,475.00 "
PINEHURST,NC,"$226,875.00 "
KELSEYVILLE,CA,"$275,100.00 "
EPHRATA,WA,"$151,066.67 "
CRESTWOOD,MO,"$203,541.67 "
MAGALIA,CA,"$218,340.00 "
TROY,IL,"$189,083.33 "
BARNHART,MO,"$168,475.00 "
VICKSBURG,MI,"$151,766.67 "
SCAPPOOSE,OR,"$335,625.00 "
GARDENDALE,AL,"$156,108.33 "
SIGNAL HILL,CA,"$522,416.67 "
POMPTON LAKES,NJ,"$275,250.00 "
WADDELL,AZ,"$287,091.67 "
TRAVERSE CITY,MI,"$270,925.00 "
GROSSE POINTE PARK,MI,"$320,225.00 "
AMHERST,NH,"$352,891.67 "
BRECKENRIDGE,CO,"$685,008.33 "
CLOQUET,MN,"$144,841.67 "
RISING SUN,MD,"$225,700.00 "
MARENGO,IL,"$197,775.00 "
MONMOUTH,OR,"$287,125.00 "
POQUOSON,VA,"$315,441.67 "
BRANDENBURG,KY,"$161,766.67 "
CHESTER,NY,"$245,200.00 "
MACEDONIA,OH,"$214,883.33 "
ROCHESTER,WA,"$286,208.33 "
COUNTRY WALK,FL,"$342,566.67 "
COTTONDALE,AL,"$120,210.00 "
CHANNAHON,IL,"$231,016.67 "
LUNENBURG,MA,"$290,775.00 "
LINCOLN PARK,NJ,"$320,441.67 "
HAMILTON,PA,"$201,533.33 "
SPRINGDALE,OH,"$134,208.33 "
EAST WENATCHEE BENCH,WA,"$325,525.00 "
OREGON,WI,"$277,566.67 "
HADDONFIELD,NJ,"$514,683.33 "
MERRIAM,KS,"$197,316.67 "
CONSHOHOCKEN,PA,"$298,975.00 "
NORWALK,IA,"$204,700.00 "
MANHATTAN,IL,"$216,050.00 "
ESTACADA,OR,"$342,358.33 "
FLOSSMOOR,IL,"$198,250.00 "
CALIFORNIA CITY,CA,"$144,525.00 "
ROCKY POINT,NY,"$286,741.67 "
CRESTWOOD,IL,"$108,841.67 "
STRASBURG,VA,"$190,450.00 "
HIGH SPRINGS,FL,"$188,858.33 "
LINTHICUM HEIGHTS,MD,"$275,941.67 "
FIFE,WA,"$344,450.00 "
BUFFALO,MN,"$222,866.67 "
CORRYTON,TN,"$161,225.00 "
CENTREVILLE,MD,"$317,791.67 "
WESTLAKE,LA,"$146,525.00 "
HEWITT,TX,"$201,491.67 "
CORAL HILLS,MD,"$191,650.00 "
PIKE ROAD,AL,"$286,658.33 "
INDEPENDENCE,OR,"$235,183.33 "
LAKEPORT,CA,"$305,541.67 "
NORWELL,MA,"$600,175.00 "
CIRCLEVILLE,OH,"$122,008.33 "
TOTOWA,NJ,"$365,525.00 "
EMMAUS,PA,"$175,966.67 "
LARGO,MD,"$214,816.67 "
BROOKLYN PARK,MD,"$176,466.67 "
BEDFORD HEIGHTS,OH,"$103,166.67 "
PENDLETON,SC,"$137,608.33 "
CALN,PA,"$205,450.00 "
HOPATCONG,NJ,"$200,641.67 "
AMMON,ID,"$220,708.33 "
LELAND,NC,"$222,850.00 "
MILLER PLACE,NY,"$408,883.33 "
KENAI,AK,"$208,290.00 "
LAKE ARROWHEAD,CA,"$357,181.82 "
HIGHLAND SPRINGS,VA,"$125,508.33 "
HOLBROOK,MA,"$343,058.33 "
WAYNESBORO,PA,"$128,333.33 "
STALLINGS,NC,"$262,733.33 "
LINDENHURST,IL,"$201,933.33 "
FARMINGTON,MI,"$199,600.00 "
CORNWALL,NY,"$293,966.67 "
BETHLEHEM,GA,"$175,991.67 "
MAHOMET,IL,"$227,500.00 "
MANVILLE,NJ,"$235,475.00 "
WEST DEER,PA,"$205,741.67 "
SMITHVILLE,MO,"$236,016.67 "
MORRO BAY,CA,"$665,908.33 "
HOBE SOUND,FL,"$274,125.00 "
READING,OH,"$127,308.33 "
BOUND BROOK,NJ,"$266,616.67 "
HAMPTON BAYS,NY,"$493,750.00 "
GRANITE FALLS,WA,"$323,016.67 "
SOMERS POINT,NJ,"$172,950.00 "
SOUTH BELOIT,IL,"$139,616.67 "
EAST GREENWICH,NJ,"$253,850.00 "
LEEDS,AL,"$153,850.00 "
STATHAM,GA,"$189,116.67 "
OATFIELD,OR,"$384,750.00 "
LOWER,NJ,"$250,716.67 "
CENTER,PA,"$177,141.67 "
SHASTA LAKE,CA,"$186,783.33 "
NEW MARKET,AL,"$148,916.67 "
BROOKINGS,OR,"$340,116.67 "
RICHMOND,MI,"$197,525.00 "
CALIFORNIA,MD,"$241,183.33 "
LA PINE,OR,"$249,000.00 "
OLD SAYBROOK,CT,"$365,816.67 "
ONTARIO,NY,"$157,530.00 "
BEVERLY HILLS,MI,"$344,816.67 "
SILVERTHORNE,CO,"$470,491.67 "
BOONE,IA,"$109,541.67 "
DIXON,IL,"$81,750.00 "
LIBERTY LAKE,WA,"$321,500.00 "
HUNTINGTON,VA,"$342,616.67 "
COLTS NECK,NJ,"$752,766.67 "
MARIPOSA,CA,"$283,691.67 "
SUGAR GROVE,IL,"$243,566.67 "
MIDDLETON,ID,"$242,100.00 "
NOKESVILLE,VA,"$456,508.33 "
CRESWELL,OR,"$288,683.33 "
GOLD CANYON,AZ,"$279,541.67 "
LITCHFIELD,MN,"$142,116.67 "
LONGS,SC,"$161,525.00 "
MINDEN,NV,"$422,283.33 "
SHALLOTTE,NC,"$195,350.00 "
SAINT PETE BEACH,FL,"$435,641.67 "
FIRESTONE,CO,"$406,775.00 "
COLFAX,CA,"$353,858.33 "
BREWSTER,MA,"$414,841.67 "
STEVENSVILLE,MD,"$353,066.67 "
HOLT,MI,"$142,400.00 "
OTSEGO,MI,"$130,558.33 "
SALIDA,CO,"$373,858.33 "
SWARTZ CREEK,MI,"$133,191.67 "
MYRTLE CREEK,OR,"$151,841.67 "
ALGONAC,MI,"$158,150.00 "
LINCOLN CITY,OR,"$298,725.00 "
POLLOCK PINES,CA,"$315,154.55 "
ASHVILLE,OH,"$183,833.33 "
BUTLER,PA,"$154,866.67 "
SIGNAL MOUNTAIN,TN,"$342,866.67 "
FAIRVIEW,NC,"$322,558.33 "
HASTINGS,MI,"$119,216.67 "
HARWICH,MA,"$400,783.33 "
GRAYLING,MI,"$97,416.67 "
BOONSBORO,MD,"$251,825.00 "
BENNINGTON,NE,"$227,458.33 "
SHILOH,PA,"$168,558.33 "
STANSBURY PARK,UT,"$310,633.33 "
SOUTH STRABANE,PA,"$185,883.33 "
LA RIVIERA,CA,"$321,475.00 "
WEST LAMPETER,PA,"$253,350.00 "
OCEAN CITY,NJ,"$506,890.91 "
EDGEWOOD,WA,"$449,633.33 "
SOUTHAMPTON,NY,"$1,148,933.33 "
PENN VALLEY,CA,"$362,991.67 "
MOUND,MN,"$245,550.00 "
PECULIAR,MO,"$202,825.00 "
PLEASANT GROVE,AL,"$139,175.00 "
CAPE CANAVERAL,FL,"$217,875.00 "
BOULDER CREEK,CA,"$619,533.33 "
CHELSEA,AL,"$224,658.33 "
LYMAN,SC,"$165,916.67 "
PENN FOREST,PA,"$137,441.67 "
BAYFIELD,CO,"$308,208.33 "
YORKSHIRE,VA,"$308,716.67 "
PEBBLE CREEK,FL,"$259,208.33 "
POPLAR GROVE,IL,"$148,041.67 "
NOLENSVILLE,TN,"$440,458.33 "
CONWAY,NH,"$200,658.33 "
JACKSBORO,TN,"$138,816.67 "
CROYDON,PA,"$189,083.33 "
MIDDLE,NJ,"$215,450.00 "
MADEIRA,OH,"$304,400.00 "
SALIDA,CA,"$326,991.67 "
CENTERTON,AR,"$169,675.00 "
OAK BROOK,IL,"$502,258.33 "
DISCOVERY BAY,CA,"$586,508.33 "
SWANNANOA,NC,"$215,666.67 "
RICHMOND HEIGHTS,FL,"$229,116.67 "
FREDERICK,CO,"$386,241.67 "
OAKLAND,TN,"$194,641.67 "
KATHLEEN,GA,"$199,275.00 "
DOCTOR PHILLIPS,FL,"$330,800.00 "
WEST MANCHESTER,PA,"$139,266.67 "
REDDING,CT,"$550,658.33 "
GROSSE POINTE FARMS,MI,"$323,825.00 "
HURON,OH,"$184,725.00 "
COUNTRY CLUB,CA,"$244,491.67 "
PERKIOMEN,PA,"$266,575.00 "
HEREFORD,AZ,"$228,275.00 "
BLAINE,WA,"$322,833.33 "
CHESAPEAKE BEACH,MD,"$298,675.00 "
ACCOKEEK,MD,"$346,725.00 "
OAKWOOD,OH,"$237,166.67 "
WILTON,NY,"$300,116.67 "
ARCHDALE,NC,"$135,241.67 "
CELEBRATION,FL,"$376,191.67 "
SOCIAL CIRCLE,GA,"$185,958.33 "
PIEDMONT,OK,"$211,816.67 "
LINCOLNSHIRE,IL,"$395,875.00 "
SPRING HILL,KS,"$251,041.67 "
IOWA,LA,"$206,383.33 "
ESTES PARK,CO,"$456,000.00 "
MILLTOWN,NJ,"$310,800.00 "
PLEASANT HILL,IA,"$203,808.33 "
BELLE PLAINE,MN,"$239,341.67 "
MELBOURNE BEACH,FL,"$403,425.00 "
FERGUS FALLS,MN,"$127,441.67 "
MUNFORD,TN,"$160,725.00 "
PORT TOWNSEND,WA,"$351,500.00 "
BLACKLICK ESTATES,OH,"$106,316.67 "
LAMBERTVILLE,MI,"$188,466.67 "
MALVERNE,NY,"$521,725.00 "
WESTAMPTON,NJ,"$218,166.67 "
AUDUBON,NJ,"$184,216.67 "
SUMMIT,WA,"$337,191.67 "
NEWCASTLE,OK,"$207,716.67 "
LAKE PARK,FL,"$214,866.67 "
MARLTON,MD,"$282,225.00 "
SUTHERLIN,OR,"$195,100.00 "
DUPONT,WA,"$331,533.33 "
MANSFIELD,NJ,"$233,350.00 "
RICHMOND HEIGHTS,MO,"$259,766.67 "
MINERAL,VA,"$235,891.67 "
WHITE PLAINS,MD,"$324,166.67 "
MARY ESTHER,FL,"$196,008.33 "
FREDERICKSON,WA,"$308,716.67 "
DES PERES,MO,"$429,450.00 "
ROCKCREEK,OR,"$450,808.33 "
ROUND LAKE,IL,"$180,591.67 "
ELBERT,CO,"$365,400.00 "
WELLINGTON,CO,"$328,708.33 "
RICHLAND,MI,"$238,000.00 "
COLONIAL BEACH,VA,"$151,708.33 "
ROTONDA WEST,FL,"$231,458.33 "
BELLPORT,NY,"$255,591.67 "
CENTER LINE,MI,"$93,600.00 "
FALMOUTH,MA,"$559,150.00 "
CEDAR HILLS,OR,"$427,308.33 "
BEDMINSTER,NJ,"$333,333.33 "
MCCORDSVILLE,IN,"$224,241.67 "
NORTH LONDONDERRY,PA,"$225,233.33 "
KILL DEVIL HILLS,NC,"$264,133.33 "
SPRINGFIELD,GA,"$139,341.67 "
VENETA,OR,"$262,650.00 "
FULTONDALE,AL,"$135,700.00 "
MAMMOTH LAKES,CA,"$420,008.33 "
PLEASANT HILLS,PA,"$174,483.33 "
EUREKA,MO,"$260,741.67 "
MONTICELLO,MN,"$211,525.00 "
HARDYSTON,NJ,"$234,408.33 "
BRENTWOOD,MO,"$172,150.00 "
OAK GROVE,KY,"$94,500.00 "
MOUNT JOY,PA,"$186,158.33 "
LAKE CARMEL,NY,"$229,758.33 "
INDIAN HARBOUR BEACH,FL,"$301,733.33 "
CAMP HILL,PA,"$205,308.33 "
COLD SPRINGS,NV,"$285,875.00 "
CRESTLINE,CA,"$219,908.33 "
TEGA CAY,SC,"$329,450.00 "
WILLIAMSBURG,FL,"$221,050.00 "
ORANGE,MA,"$159,700.00 "
EAST YORK,PA,"$168,066.67 "
CONIFER,CO,"$498,008.33 "
SCOTIA,NY,"$140,658.33 "
IRONDALE,AL,"$166,633.33 "
MOSELEY,VA,"$356,525.00 "
BERLIN BOROUGH,NJ,"$209,191.67 "
HOWARD,OH,"$166,500.00 "
FORT MYERS BEACH,FL,"$419,600.00 "
WINSTON,OR,"$177,233.33 "
LEAVENWORTH,WA,"$343,808.33 "
TOANO,VA,"$293,058.33 "
SHALIMAR,FL,"$245,466.67 "
HOLLY SPRINGS,GA,"$228,408.33 "
GOODRICH,MI,"$208,000.00 "
GOLDENDALE,WA,"$148,916.67 "
KASSON,MN,"$199,033.33 "
RED LION,PA,"$118,608.33 "
PALMYRA,NJ,"$128,608.33 "
BAILEY,CO,"$382,525.00 "
HADDON HEIGHTS,NJ,"$228,133.33 "
PHOENIX,MD,"$517,866.67 "
ISLAND LAKE,IL,"$163,191.67 "
CYPRESS GARDENS,FL,"$168,816.67 "
VILLAS,NJ,"$161,300.00 "
FLORENCE,OR,"$232,483.33 "
KRUM,TX,"$214,208.33 "
WALLED LAKE,MI,"$153,683.33 "
PORT SAINT JOE,FL,"$239,870.00 "
OAK ISLAND,NC,"$247,875.00 "
SHEFFIELD LAKE,OH,"$115,708.33 "
JEFFERSON,GA,"$202,108.33 "
SULTAN,WA,"$335,825.00 "
RUMSON,NJ,"$1,160,733.33 "
ROXBOROUGH PARK,CO,"$449,216.67 "
RIO VISTA,CA,"$359,641.67 "
PIGEON FORGE,TN,"$200,741.67 "
NINE MILE FALLS,WA,"$286,675.00 "
GREENWOOD,MO,"$208,116.67 "
FULSHEAR,TX,"$415,083.33 "
BLOOMINGDALE,NJ,"$265,650.00 "
NEW CASTLE,CO,"$333,575.00 "
EAST ROCHESTER,NY,"$99,683.33 "
LANTANA,TX,"$392,266.67 "
SEDRO-WOOLLEY,WA,"$264,616.67 "
MARYVILLE,IL,"$208,233.33 "
MILLIKEN,CO,"$313,600.00 "
SPRING GARDEN,PA,"$177,758.33 "
EDEN ISLE,LA,"$268,683.33 "
CLAY,AL,"$153,775.00 "
WEDGEFIELD,FL,"$284,691.67 "
OCEAN CITY,MD,"$253,383.33 "
BANDON,OR,"$275,458.33 "
LONDON,OH,"$138,508.33 "
BELCAMP,MD,"$174,216.67 "
GOLDEN LAKES,FL,"$94,700.00 "
JOHNSTOWN,CO,"$353,125.00 "
QUINTON,VA,"$224,083.33 "
PEA RIDGE,AR,"$154,175.00 "
MEDINA,TN,"$167,025.00 "
CENTURY VILLAGE,FL,"$44,966.67 "
OAKHURST,CA,"$285,800.00 "
WHITSETT,NC,"$182,658.33 "
MATTAWAN,MI,"$184,383.33 "
HUTCHINSON ISLAND SOUTH,FL,"$298,783.33 "
PISMO BEACH,CA,"$816,333.33 "
FLAGLER BEACH,FL,"$288,216.67 "
KEY LARGO,FL,"$537,708.33 "
ROUND HILL,VA,"$459,425.00 "
UNION,OH,"$101,633.33 "
COUPEVILLE,WA,"$366,325.00 "
WILLOW SPRINGS,IL,"$231,000.00 "
SIESTA KEY,FL,"$592,641.67 "
FATE,TX,"$259,175.00 "
TIMBER PINES,FL,"$157,091.67 "
PONCE INLET,FL,"$339,008.33 "
PARACHUTE,CO,"$212,833.33 "
PINETOP,AZ,"$262,883.33 "
SISTERS,OR,"$417,575.00 "
OCEAN ISLE BEACH,NC,"$331,375.00 "
CHATHAM,IL,"$183,733.33 "
DAGSBORO,DE,"$250,950.00 "
BIG BEAR LAKE,CA,"$340,475.00 "
SURFSIDE BEACH,SC,"$253,841.67 "
YOUNGTOWN,AZ,"$153,766.67 "
GRAND LEDGE,MI,"$143,025.00 "
MOUNT SHASTA,CA,"$296,691.67 "
LAKE DALLAS,TX,"$247,683.33 "
MINERAL BLUFF,GA,"$258,733.33 "
ISLE OF PALMS,SC,"$747,491.67 "
ORANGE BEACH,AL,"$259,383.33 "
SANIBEL,FL,"$710,191.67 "
FAIR OAKS RANCH,TX,"$437,450.00 "
HIDDEN VALLEY LAKE,CA,"$315,416.67 "
STAR,ID,"$316,791.67 "
SAINT AUGUSTINE BEACH,FL,"$355,658.33 "
STRATMOOR,CO,"$202,016.67 "
CHESTERBROOK,PA,"$257,025.00 "
CARMODY HILLS-PEPPER MILL VILLAGE,MD,"$209,991.67 "
BAKER CITY,OR,"$144,816.67 "
FLORISSANT,CO,"$279,933.33 "
SKIDAWAY ISLAND,GA,"$447,600.00 "
SOUTH PASADENA,FL,"$218,958.33 "
WILDWOOD,NJ,"$214,263.64 "
EASTHAM,MA,"$461,675.00 "
FREEPORT,FL,"$231,791.67 "
MADEIRA BEACH,FL,"$479,525.00 "
TWAIN HARTE,CA,"$288,808.33 "
MIRAMAR BEACH,FL,"$370,741.67 "
SEVEN LAKES,NC,"$239,200.00 "
SUNSET BEACH,NC,"$216,233.33 "
SAINT JAMES,NC,"$359,816.67 "
LOCHBUIE,CO,"$320,333.33 "
MORGANTON,GA,"$254,850.00 "
POINT PLEASANT BEACH,NJ,"$516,275.00 "
CORNVILLE,AZ,"$293,916.67 "
LOUGHMAN,FL,"$208,558.33 "
RUNNING SPRINGS,CA,"$202,050.00 "
GROVELAND,CA,"$259,666.67 "
VAIL,AZ,"$262,058.33 "
PORT LUDLOW,WA,"$424,566.67 "
MARATHON,FL,"$444,666.67 "
INDIAN ROCKS BEACH,FL,"$476,383.33 "
HYPOLUXO,FL,"$210,916.67 "
BUTLER BEACH,FL,"$311,633.33 "
SMITHFIELD,UT,"$245,566.67 "
KING CITY,OR,"$326,108.33 "
NORTH WILDWOOD,NJ,"$267,458.33 "
BEACH HAVEN WEST,NJ,"$344,850.00 "
BARTLETT,NH,"$200,458.33 "
POCONO LAKE,PA,"$115,658.33 "
TIERRA VERDE,FL,"$488,541.67 "
ARNOLD,CA,"$291,033.33 "
SHADY SIDE,MD,"$284,833.33 "
LAVALLETTE,NJ,"$514,450.00 "
PINE,AZ,"$247,416.67 "
DAYTONA BEACH SHORES,FL,"$266,050.00 "
PINGREE GROVE,IL,"$205,583.33 "
WINTER PARK,CO,"$412,058.33 "
IDYLLWILD,CA,"$316,925.00 "
SEVERANCE,CO,"$365,283.33 "
SEA ISLE CITY,NJ,"$679,808.33 "
PINE MOUNTAIN CLUB,CA,"$260,466.67 "
ANGEL FIRE,NM,"$311,525.00 "
LONG BEACH,NJ,"$766,616.67 "
COROLLA,NC,"$451,600.00 "
BLOOMING GROVE,NY,"$273,675.00 "
ABERDEEN,SD,"$187,597 "
ABILENE,TX,"$125,700 "
ALPENA,MI,"$85,300 "
AMARILLO,TX,"$134,900 "
AUSTIN,TX,"$368,600 "
BANGOR,ME,"$146,100 "
BEAUMONT,TX,"$109,900 "
BECKLEY,WV,"$69,100 "
BILLINGS,MT,"$235,900 "
BIRMINGHAM,AL,"$99,900 "
BISMARCK,ND,"$260,900 "
BROWNSVILLE,TX,"$89,500 "
BUFFALO,NY,"$86,200 "
BURLINGTON,IA,"$80,600 "
BURLINGTON,VT,"$320,000 "
BURNS,OR,"$98,500.00 "
CARIBOU,ME,"$97,500 "
CASPER,WY,"$205,500 "
CHEYENNE,WY,"$255,600 "
COLUMBIA,SC,"$134,000 "
CONCORDIA,KS,"$70,100 "
DAYTON,OH,"$51,800 "
DUBUQUE,IA,"$154,700 "
EAU CLAIRE,WI,"$166,100 "
FLINT,MI,"$18,900 "
GALVESTON,TX,"$207,500 "
GLASGOW,MT,"$143,900 "
HARTFORD,CT,"$127,700 "
HELENA,MT,"$258,000 "
HOUSTON,TX,"$186,000 "
JACKSON,MS,"$133,450 "
JOPLIN,MO,"$114,100 "
KANSAS CITY,MO,"$148,900 "
KODIAK,AK,"$321,900 "
LANDER,WY,"$239,700 "
LEWiSTON,ID,"$244,300 "
LUBBOCK,TX,"$134,900 "
MANSFIELD,OH,"$63,800 "
MCCOOK,NE,"$142,250 "
MERIDIAN,MS,"$139,000 "
MIDLAND,TX,"$260,600 "
MILES CITY,MT,"$144,800 "
MISSOULA,MT,"$308,100 "
MUSKEGON,MI,"$81,300 "
NOME,AK,"$81,300 "
POCATELLO,ID,"$168,300 "
PORTLAND,ME,"$311,100 "
PROVIDENCE,RI,"$213,000 "
RAPID CITY,SD,"$204,100 "
SAN ANGELO,TX,"$136,600 "
SCOTTSBLUFF,NE,"$115,200 "
SHERIDAN,WY,"$247,100 "
SHREVEPORT,LA,"$167,500 "
SIOUX FALLS ,SD,"$189,100 "
SPRINGFIELD,MO,"$138,700 "
SYRACUSE,NY,"$87,000 "
VICTORIA,TX,"$198,950 "
WAUSAU,WI,"$109,300 "
WILMINGTON,DE,"$189,900 "
WILMINGTON,NC,"$227,800 "
WINNEMUCCA,NV,"$194,900 "